label,BN246label,x,y,z,mni_x,mni_y,mni_z,gm,NMM,Anat,AnatMacro,BN246,YBA_1,Manual Examination,Notes,,,,,,,,,,
LaCaS1,A32sg_L,-2.95457363128662,41.3292096853256,4.79999673366547,-3.15018901938484,27.6266741849938,-11.31392872739,Gray,Left ACgG anterior cingulate gyrus,Area s24,L Mid Orbital Gyrus,L CG,Left cingulate gyrus C,,,,,,,,,,,,
LaCaS10,A9/46d_L,-14.1500902175903,45.7263920903206,48.399994134903,-14.6126899719238,45.6474375043597,30.8869153236856,White,Left Cerebral White Matter,Unknown,L Superior Frontal Gyrus,L MFG,Unknown,WM,,,,,,,,,,,
LaCaS11,A9l_L,-15.3496098518372,46.1261359453201,53.1999938488007,-16.0687907796328,47.5233470631294,35.7352586084483,Gray,Left SFG superior frontal gyrus,Unknown,L Superior Frontal Gyrus,L SFG,Left superior frontal gyrus 2 D,WM,,,,,,,,,,,
LaCaS12,A9l_L,-16.1492896080017,46.1261359453201,57.9999935626984,-17.0969813210624,48.9855385864673,40.7150121416364,Gray,Left SFG superior frontal gyrus,Unknown,L Superior Frontal Gyrus,L SFG,Left superior frontal gyrus 2 D,OOB,,,,,,,,,,,
LaCaS13,Unknown,-16.9489693641663,46.1261359453201,63.5999932289124,-18.0608677247755,50.5625977808115,46.4192750891861,Unknown,Unknown,Unknown,L Superior Frontal Gyrus,Unknown,Left superior frontal gyrus 2 D,OOB,,,,,,,,,,,
LaCaS14,Unknown,-18.1484889984131,46.1261359453201,68.3999929428101,-19.3366741777277,51.8894734804322,51.214777005773,Unknown,Unknown,Unknown,Unknown,Unknown,Unknown,OOB,,,,,,,,,,,
LaCaS2,A32sg_L,-4.55393314361572,41.7289535403252,9.99999642372131,-4.76686280438689,29.8170841242991,-6.26958768870555,Gray,Left ACgG anterior cingulate gyrus,Area s24,L ACC,L CG,Left cingulate gyrus D,,,,,,,,,,,,
LaCaS3,A32sg_L,-5.75345277786255,42.1286973953247,14.799996137619,-5.81437062244026,31.8489190964472,-1.6974845305592,Gray,Left ACgG anterior cingulate gyrus,Area 33,L ACC,L CG,Left cingulate gyrus D,WM,,,,,,,,,,,
LaCaS4,A24rv_L,-6.95297241210938,42.9281851053238,19.5999958515167,-6.91159727135483,34.2102164443658,2.73044804488721,White,Left Cerebral White Matter,Unknown,Unknown,L CG,Unknown,WM,,,,,,,,,,,
LaCaS5,Unknown,-8.1524920463562,43.3279289603233,23.9999955892563,-8.20111600395774,35.9333297314287,6.96564871924264,Gray,Left Cerebral White Matter,Unknown,L ACC,Unknown,Unknown,WM,,,,,,,,,,,
LaCaS6,A32p_L,-9.35201168060303,43.7276728153229,28.799995303154,-9.53978700702693,37.7640725479645,11.6264746659467,Gray,Left ACgG anterior cingulate gyrus,Unknown,L ACC,L CG,Left cingulate gyrus F,,,,,,,,,,,,
LaCaS7,A32p_L,-10.5515313148499,44.1274166703224,33.9999949932098,-10.8004925915984,39.7015659046822,16.6954953070401,Gray,Left ACgG anterior cingulate gyrus,Unknown,L ACC,L CG,Left cingulate gyrus G,WM,,,,,,,,,,,
LaCaS8,A32p_L,-11.7510509490967,44.527160525322,38.3999947309494,-11.9052386316312,41.425822251508,21.0169713416067,Gray,Left MSFG superior frontal gyrus medial segment,Unknown,L Superior Medial Gyrus,L CG,Left superior frontal gyrus 1 A,,,,,,,,,,,,
LaCaS9,Unknown,-12.9505705833435,44.9269043803215,43.5999944210052,-13.2072887096275,43.4077875825013,26.2329795603849,White,Left Cerebral White Matter,Unknown,L Superior Frontal Gyrus,Unknown,Unknown,WM,,,,,,,,,,,
LAglT1,rHipp_L,-17.7486491203308,12.5476521253586,-15.2000020742416,-18.5536808481022,-6.08260105742889,-20.9628669972322,Gray,Left Amygdala,Amygdala (LB),L Hippocampus,L Hipp,Left amygdala inferior,,,,,,,,,,,,
LAglT2,rHipp_L,-22.9465675354004,12.147908270359,-14.0000021457672,-24.0628831045968,-5.85200490756911,-19.7528217082121,Gray,Left Amygdala,Amygdala (LB),L Hippocampus,L Hipp,Left amygdala superior,WM,,,,,,,,,,,
LAglT3,rHipp_L,-27.7446460723877,11.7481644153595,-13.2000021934509,-29.1142254913745,-5.79982044907654,-18.9357316283142,Gray,Left Amygdala,Amygdala (AStr),L Hippocampus,L Hipp,Left amygdala superior,WM,,,,,,,,,,,
LAglT4,Unknown,-32.542724609375,10.9486767053604,-12.4000022411346,-34.1498038363295,-6.18807556515648,-17.9384476278915,White,Left Cerebral White Matter,Unknown,L Hippocampus,Unknown,Unknown,WM,,,,,,,,,,,
LAglT5,A38l_L,-37.7406430244446,10.5489328503609,-11.6000022888184,-39.5932350677698,-6.22551823635491,-17.1138749349685,Gray,Left PP planum polare,Area Id1,Unknown,L STG,Left superior temporal gyrus B,,,,,,,,,,,,
LAglT6,A38l_L,-42.5387215614319,10.1491889953613,-10.4000023603439,-44.581853126993,-6.37357681624743,-16.08591369058,Gray,Left PP planum polare,Area Id1,L Middle Temporal Gyrus,L STG,Left superior temporal gyrus B,WM,,,,,,,,,,,
LAglT7,A22r_L,-47.3368000984192,9.74944514036179,-10.0000023841858,-49.6496962462964,-6.88568134697116,-15.9472771923558,Gray,Left STG superior temporal gyrus,Unknown,L Middle Temporal Gyrus,L STG,Left superior temporal gyrus B,,,,,,,,,,,,
LAglT8,aSTS_L,-52.1348786354065,9.34970128536224,-8.80000245571136,-54.7123442409801,-7.20239660042484,-15.0006332851592,Gray,Left MTG middle temporal gyrus,Unknown,L Middle Temporal Gyrus,L MTG,Left superior temporal gyrus B,WM,,,,,,,,,,,
LAglT9,aSTS_L,-56.9329571723938,8.9499574303627,-8.00000250339508,-59.7542804017359,-7.63953040570629,-14.4040143473619,Gray,Left MTG middle temporal gyrus,Area TE 3,L Middle Temporal Gyrus,L MTG,Left superior middle temporal gyrus B,,,,,,,,,,,,
LCMsP1,A37lv_L,-44.9377608299255,-13.4356984496117,-19.6000018119812,-45.3524960368669,-32.8685785280604,-17.3002631518306,White,Left Cerebral White Matter,Unknown,L Inferior Temporal Gyrus,L FuG,Left basal inferior temporal gyrus C,WM,,,,,,,,,,,
LCMsP10,Unknown,-34.5419239997864,-56.6080347895622,-11.6000022888184,-31.9592871633517,-74.6664120940124,4.49066914182131,White,Left Cerebral White Matter,Unknown,L Middle Occipital Gyrus,Unknown,Unknown,WM,,,,,,,,,,,
LCMsP11,mOccG_L,-33.3424043655396,-61.4049610495567,-10.4000023603439,-30.9325643007447,-79.1892447958187,7.29988456907726,White,Left Cerebral White Matter,Unknown,L Middle Occipital Gyrus,L LOcC,Unknown,WM,,,,,,,,,,,
LCMsP12,mOccG_L,-32.1428847312927,-66.2018873095512,-9.60000240802765,-29.841193828453,-83.771139028121,9.73725170991859,Gray,Left MOG middle occipital gyrus,Area hOc4lp,L Middle Occipital Gyrus,L LOcC,Unknown,Left superior middle occipital gyrus E,,,,,,,,,,,
LCMsP13,mOccG_L,-30.9433650970459,-70.9988135695457,-8.40000247955322,-28.7507398696173,-88.1508252409851,12.6783820431249,Gray,Left MOG middle occipital gyrus,Area hOc4lp,L Middle Occipital Gyrus,L LOcC,Left superior middle occipital gyrus D,,,,,,,,,,,,
LCMsP14,mOccG_L,-29.7438454627991,-75.7957398295403,-7.60000252723694,-27.6914359112175,-92.631848445555,15.3088589882364,Gray,Left MOG middle occipital gyrus,Area hOc4lp,L Middle Occipital Gyrus,L LOcC,Unknown,Left superior middle occipital gyrus D,,,,,,,,,,,
LCMsP2,A37lv_L,-43.7382411956787,-18.2326247096062,-18.8000018596649,-43.710397811163,-37.5422315792162,-15.1295292847821,Gray,Left Cerebral White Matter,Area FG4,L Inferior Temporal Gyrus,L FuG,Unknown,Left lateral occipitotemporal gyrus A,,,,,,,,,,,
LCMsP3,A37lv_L,-42.5387215614319,-23.0295509696007,-18.0000019073486,-42.1060798281715,-42.2292563250276,-12.8962119355494,Gray,Left FuG fusiform gyrus,Area FG4,L Inferior Temporal Gyrus,L FuG,Left basal inferior temporal gyrus D,,,,,,,,,,,,
LCMsP4,A37lv_L,-41.3392019271851,-27.8264772295952,-17.2000019550323,-40.5303474997177,-46.8869676135835,-10.502739380817,Gray,Left FuG fusiform gyrus,Area FG4,L Inferior Temporal Gyrus,L FuG,Left lateral occipitotemporal gyrus B,,,,,,,,,,,,
LCMsP5,A37lv_L,-40.5395221710205,-32.6234034895897,-16.4000020027161,-39.3052481307464,-51.5349402914242,-8.06079493736734,Gray,Left Cerebral White Matter,Unknown,L Fusiform Gyrus,L FuG,Left basal inferior temporal gyrus E,,,,,,,,,,,,
LCMsP6,A37lv_L,-39.3400025367737,-37.4203297495842,-15.2000020742416,-37.5654816400437,-56.0469599094521,-5.23490029127419,Gray,Left Cerebral White Matter,Unknown,Unknown,L FuG,Unknown,Left lateral occipitotemporal gyrus C,,,,,,,,,,,
LCMsP7,A37elv_L,-38.1404829025269,-42.2172560095787,-14.4000021219254,-36.0032671454812,-60.7540782487311,-2.87495660538576,Gray,Left Cerebral White Matter,Unknown,Unknown,L ITG,Unknown,Left lateral occipitotemporal gyrus C,,,,,,,,,,,
LCMsP8,Unknown,-36.94096326828,-47.0141822695732,-13.6000021696091,-34.4792883736747,-65.4377353694163,-0.549802676476792,White,Left Cerebral White Matter,Unknown,Unknown,Unknown,Unknown,WM,,,,,,,,,,,
LCMsP9,Unknown,-35.7414436340332,-51.8111085295677,-12.4000022411346,-33.104303411886,-69.9889195241085,2.14646938504005,White,Left Cerebral White Matter,Unknown,L Middle Occipital Gyrus,Unknown,Unknown,WM,,,,,,,,,,,
LHplT1,rHipp_L,-28.14448595047,-3.84184592962265,-9.20000243186951,-28.7400359458664,-19.8026287571914,-9.49874442613044,White,Left Cerebral White Matter,Unknown,L Hippocampus,L Hipp,Unknown,WM,,,,,,,,,,,
LHplT10,Unknown,-69.7278332710266,-9.0385160446167,0.799996972084045,-72.5465369192111,-22.8075059125213,0.0486535562050282,Unknown,Unknown,Area TE 3,Unknown,Unknown,Unknown,OOB,,,,,,,,,,,
LHplT2,NAC_L,-32.9425644874573,-4.64133363962173,-8.40000247955322,-33.6671544289102,-20.250097495358,-8.49402670957604,White,Left Cerebral White Matter,Unknown,L Hippocampus,L BG,Unknown,WM,,,,,,,,,,,
LHplT3,Unknown,-38.1404829025269,-5.44082134962082,-7.60000252723694,-38.9983081168869,-20.8091522268698,-7.61820367566582,White,Left Cerebral White Matter,Area Id1,Unknown,Unknown,Unknown,WM,,,,,,,,,,,
LHplT4,A22c_L,-42.9385614395142,-6.2403090596199,-6.40000259876251,-43.9000317320532,-21.4245477663416,-6.50008544467744,White,Left Cerebral White Matter,Area Id1,L Superior Temporal Gyrus,L STG,Unknown,WM,,,,,,,,,,,
LHplT5,A22c_L,-47.7366399765015,-6.64005291461945,-5.60000264644623,-48.9472743702584,-21.8010750076398,-5.88068167044192,White,Left STG superior temporal gyrus,Unknown,L Middle Temporal Gyrus,L STG,Left superior temporal gyrus C,WM,,,,,,,,,,,
LHplT6,A22c_L,-52.5347185134888,-7.43954062461853,-4.4000027179718,-54.0984991164434,-22.4568204814885,-4.79924318093021,Gray,Left STG superior temporal gyrus,Unknown,L Middle Temporal Gyrus,L STG,Left superior temporal gyrus D,WM,,,,,,,,,,,
LHplT7,A22c_L,-57.3327970504761,-7.83928447961807,-3.20000278949738,-59.2743516260264,-22.6552199538873,-3.79831764487182,Gray,Left STG superior temporal gyrus,Unknown,L Middle Temporal Gyrus,L STG,Left superior temporal gyrus D,WM,,,,,,,,,,,
LHplT8,A22c_L,-62.5307154655457,-8.63877218961716,-1.20000290870667,-64.8714840428359,-22.9390907028094,-1.76261481987376,Gray,Left STG superior temporal gyrus,Area TE 3,L Middle Temporal Gyrus,L STG,Left superior temporal gyrus D,,,,,,,,,,,,
LHplT9,A22c_L,-65.7294344902039,-8.63877218961716,-0.400002956390381,-68.3208651380474,-22.74004309518,-1.12151279271308,Unknown,Left STG superior temporal gyrus,Area TE 3,L Middle Temporal Gyrus,L STG,Left superior temporal gyrus D,OOB,,,,,,,,,,,
uLHplT,rHipp_L,-23.3464074134827,-3.04235821962357,-10.4000023603439,-23.8131158400555,-19.4426412128267,-10.9287910331674,Gray,Left Hippocampus,Unknown,L Hippocampus,L Hipp,Unknown,CA3,,,,,,,,,,,
LHtOc1,lPFtha_L,-4.55393314361572,-9.83800375461578,-4.00000274181366,-3.68106125163383,-23.8747452456935,-1.68023611007094,Gray,Left Ventral DC,Thal: Prefrontal,L Thalamus,L Tha,Unknown,WM,,,,,,,,,,,
LHtOc10,Unknown,-34.9417638778687,-26.227501809597,24.7999955415726,-34.9498519637958,-32.4437275451868,31.31416459635,White,Left Cerebral White Matter,Unknown,Unknown,Unknown,Unknown,WM,,,,,,,,,,,
LHtOc11,A40rd_L,-38.5403227806091,-28.2262210845947,27.5999953746796,-38.5256498168115,-33.5622497869998,34.6994368105519,Gray,Left Cerebral White Matter,Area hIP2 (IPS),L Inferior Parietal Lobule,L IPL,Unknown,,,,,,,,,,,,
LHtOc12,A40rd_L,-41.7390418052673,-30.2249403595924,30.7999951839447,-41.7030943786206,-34.5025669539056,38.6077733980555,Gray,Left SMG supramarginal gyrus,Area PFt (IPL),L Inferior Parietal Lobule,L IPL,Left superior parietal 1 G,WM,,,,,,,,,,,
LHtOc13,A40rd_L,-45.3376007080078,-32.2236596345901,33.9999949932098,-45.3075413866108,-35.3916514909186,42.4789992611424,Gray,Left SMG supramarginal gyrus,Area PFt (IPL),L Inferior Parietal Lobule,L IPL,Left superior parietal 1 G,WM,,,,,,,,,,,
LHtOc14,A40rd_L,-48.9361596107483,-33.8226350545883,36.7999948263168,-48.9134896726024,-35.9684328092199,45.7904168732312,Gray,Left SMG supramarginal gyrus,Area PFt (IPL),L Inferior Parietal Lobule,L IPL,Left supramarginal gyrus 1 B,,,,,,,,,,,,
LHtOc15,A40rd_L,-52.5347185134888,-35.0218666195869,39.999994635582,-52.5519496372768,-36.0553828129152,49.4049409360302,Gray,Left SMG supramarginal gyrus,Area PF (IPL),L Inferior Parietal Lobule,L IPL,Left supramarginal gyrus 1 B,,,,,,,,,,,,
LHtOc16,A40rd_L,-56.5331172943115,-37.0205858945847,43.9999943971634,-56.6407993342601,-36.6709047953288,54.2247438495662,Unknown,Left SMG supramarginal gyrus,Unknown,L Inferior Parietal Lobule,L IPL,Left supramarginal gyrus 1 A,OOB,,,,,,,,,,,
LHtOc2,lPFtha_L,-8.1524920463562,-11.8367230296135,-0.800002932548523,-7.52724541125654,-24.7626607207214,2.0560509104307,Gray,Left Thalamus Proper,Thal: Prefrontal,L Thalamus,L Tha,Unknown,WM,,,,,,,,,,,
LHtOc3,PPtha_L,-11.7510509490967,-13.4356984496117,2.39999687671661,-11.312215629889,-25.3758590983696,5.72571823223918,Gray,Left Thalamus Proper,Thal: Prefrontal,L Thalamus,L Tha,Unknown,WM,,,,,,,,,,,
LHtOc4,PPtha_L,-14.9497699737549,-15.4344177246094,5.59999668598175,-14.5955726467833,-26.4566621066762,9.54791120282647,Gray,Left Thalamus Proper,Thal: Temporal,L Thalamus,L Tha,Unknown,WM,,,,,,,,,,,
LHtOc5,cTtha_L,-18.1484889984131,-17.0333931446075,8.79999649524689,-17.9074548604537,-27.191349107392,13.2128529451331,White,Left Thalamus Proper,Thal: Visual,L Thalamus,L Tha,Unknown,WM,,,,,,,,,,,
LHtOc6,PPtha_L,-21.7470479011536,-18.6323685646057,11.5999963283539,-21.7088409475729,-28.0637076501133,16.4367211270495,White,Left Cerebral White Matter,Thal: Parietal,Unknown,L Tha,Unknown,WM,,,,,,,,,,,
LHtOc7,Unknown,-24.9457669258118,-20.6310878396034,14.799996137619,-24.9666292359229,-29.3385478039177,20.1594567980085,White,Left Cerebral White Matter,Unknown,Unknown,Unknown,Unknown,WM,,,,,,,,,,,
LHtOc8,Unknown,-28.5443258285522,-22.6298071146011,18.3999959230423,-28.5324857543115,-30.5367455255418,24.183858144851,White,Left Cerebral White Matter,Unknown,Unknown,Unknown,Unknown,WM,,,,,,,,,,,
LHtOc9,Unknown,-31.7430448532104,-24.6285263895988,21.5999957323074,-31.7409418456408,-31.735949925014,27.7491199856713,White,Left Cerebral White Matter,Unknown,Unknown,Unknown,Unknown,WM,,,,,,,,,,,
LmCmS1,A24rv_L,-4.953773021698,16.1453468203545,27.5999953746796,-4.82982894028125,11.4265211455676,22.9636293917286,White,Left Cerebral White Matter,Area 33,L ACC,L CG,Unknown,WM,,,,,,,,,,,
LmCmS10,Unknown,-22.5467276573181,18.5438099503517,68.3999929428101,-23.2748882916509,25.6092269534156,62.4924332495449,Unknown,Left SFG superior frontal gyrus,Unknown,L Middle Frontal Gyrus,Unknown,Left superior frontal gyrus 5 D,OOB,,,,,,,,,,,
LmCmS2,A24rv_L,-6.95297241210938,16.545090675354,31.9999951124191,-6.86475387884646,13.0507779543092,27.0428183289612,White,Left Cerebral White Matter,Area 33,L ACC,L CG,Left cingulate gyrus I,WM,,,,,,,,,,,
LmCmS3,A24cd_L,-9.35201168060303,16.545090675354,36.7999948263168,-9.40815649875978,14.3651974736428,31.6213765436289,Gray,Left MCgG middle cingulate gyrus,Unknown,L MCC,L CG,Left cingulate gyrus I,,,,,,,,,,,,
LmCmS4,A24cd_L,-11.3512110710144,16.9448345303535,41.1999945640564,-11.5402379587394,15.9363394497203,35.6530066250133,White,Left SMC supplementary motor cortex,Unknown,L MCC,L CG,Left superior frontal gyrus 4 A,WM,,,,,,,,,,,
LmCmS5,Unknown,-13.3504104614258,17.3445783853531,45.9999942779541,-13.3883018363901,17.6781017407268,40.2021412233106,White,Left Cerebral White Matter,Unknown,L Superior Frontal Gyrus,Unknown,Unknown,WM,,,,,,,,,,,
LmCmS6,A8dl_L,-15.3496098518372,17.7443222403526,50.3999940156937,-15.3334460031419,19.3328701590194,44.4388468735883,White,Left Cerebral White Matter,Unknown,L Superior Frontal Gyrus,L SFG,Unknown,WM,,,,,,,,,,,
LmCmS7,A8dl_L,-17.3488092422485,18.1440660953522,55.1999937295914,-17.43769935037,21.1518813931212,49.1685677872223,White,Left Cerebral White Matter,Unknown,L Middle Frontal Gyrus,L SFG,Left superior frontal gyrus 4 D,WM,,,,,,,,,,,
LmCmS8,A8dl_L,-18.9481687545776,18.5438099503517,59.5999934673309,-19.2501394829782,22.8704150971912,53.53255584613,White,Left SFG superior frontal gyrus,Unknown,L Superior Frontal Gyrus,L SFG,Left superior frontal gyrus 4 D,WM,,,,,,,,,,,
LmCmS9,A8dl_L,-21.3472080230713,18.5438099503517,64.3999931812286,-21.8698907579694,24.3199507395426,58.4033184181265,Gray,Left SFG superior frontal gyrus,Unknown,L Superior Frontal Gyrus,L SFG,Left superior frontal gyrus 4 D,OOB,,,,,,,,,,,
LmOlF1,A13_L,-9.7518515586853,48.1248552203178,-2.00000286102295,-9.92145952237707,31.2832822864558,-21.0487948566878,Gray,Left GRe gyrus rectus,Area Fo1,L Rectal Gyrus,L OrG,Left frontal orbital 4 A,,,,,,,,,,,,
LmOlF2,A11l_L,-14.9497699737549,48.1248552203178,0.399996995925903,-15.5804850714547,32.1031037414966,-18.7703751933818,White,Left Cerebral White Matter,Area Fo1,L Superior Orbital Gyrus,L OrG,Left frontal orbital 4 A,,,,,,,,,,,,
LmOlF3,A11l_L,-18.9481687545776,48.1248552203178,1.99999690055847,-19.8802160795043,32.5783086504255,-17.4187193111498,Gray,Left MOrG medial orbital gyrus,Area Fo3,L Middle Orbital Gyrus,L OrG,Left frontal orbital 4 C,WM,,,,,,,,,,,
LmOlF4,A11l_L,-23.3464074134827,48.1248552203178,3.59999680519104,-24.6664737390012,33.028479790201,-16.0921755939925,Gray,Left POrG posterior orbital gyrus,Area Fo3,L Middle Orbital Gyrus,L OrG,Left frontal orbital 4 D,,,,,,,,,,,,
LmOlF5,A11l_L,-28.14448595047,48.1248552203178,5.99999666213989,-29.8790428265422,33.7783153300383,-13.9131644501978,Gray,Left POrG posterior orbital gyrus,Area Fo3,L IFG (p Orbitalis),L OrG,Left frontal orbital 4 D,WM,,,,,,,,,,,
LmOlF6,A12/47o_L,-32.542724609375,48.1248552203178,7.59999656677246,-34.6206091277453,34.3285763020418,-12.5744980533107,Gray,Left LOrG lateral orbital gyrus,Unknown,L IFG (p Orbitalis),L OrG,Left frontal orbital 4 D,,,,,,,,,,,,
LmOlF7,A12/47o_L,-37.3408031463623,48.1248552203178,9.59999644756317,-39.7749894330291,35.0099617575302,-10.8727784773119,Gray,Left Cerebral White Matter,Unknown,L IFG (p Orbitalis),L OrG,Left pars orbitalis B,WM,,,,,,,,,,,
LmOlF8,A45r_L,-42.1388816833496,48.1248552203178,11.999996304512,-44.8506133929402,35.7608398904606,-8.63230902483674,Gray,Left OrIFG orbital part of the inferior frontal gyrus,Unknown,L IFG (p Orbitalis),L IFG,Left pars orbitalis B,,,,,,,,,,,,
LmOlF9,A45r_L,-46.9369602203369,48.1248552203178,13.9999961853027,-49.8400434636745,36.3214563901733,-6.66346457864152,Gray,Left TrIFG triangular part of the inferior frontal gyrus,Unknown,L IFG (p Orbitalis),L IFG,Left anterior pars triangularis B,,,,,,,,,,,,
uLmOlF,A13_L,-6.15329265594482,48.1248552203178,-3.60000276565552,-5.99949251226827,30.7020656689495,-22.6468402706847,Gray,Left GRe gyrus rectus,Area Fo1,L Rectal Gyrus,L OrG,Left frontal orbital 4 A,,,,,,,,,,,,
RaCaS1,A24rv_R,5.84190368652344,36.5322834253311,7.9999965429306,5.87997530917732,24.4529758375518,-6.05871454550295,Gray,Right ACgG anterior cingulate gyrus,Area s24,R Olfactory cortex,R CG,Right cingulate gyrus C,WM,,,,,,,,,,,
RaCaS10,A9l_R,12.2393417358398,42.9281851053238,51.9999939203262,12.0191593754048,44.4843151326082,35.9688551766532,White,Right Cerebral White Matter,Unknown,R Superior Medial Gyrus,R SFG,Unknown,WM,,,,,,,,,,,
RaCaS11,A9l_R,12.6391816139221,44.1274166703224,57.1999936103821,12.3515759163162,47.2218545407665,40.9312542506627,Gray,Right SFG superior frontal gyrus,Unknown,R Superior Medial Gyrus,R SFG,Right superior frontal gyrus 2 C,,,,,,,,,,,,
RaCaS12,A9l_R,13.8387012481689,44.1274166703224,62.3999933004379,13.3383268693677,48.6897936191689,46.2784903390067,Unknown,Right SFG superior frontal gyrus,Unknown,R Superior Medial Gyrus,R SFG,Right superior frontal gyrus 2 C,OOB,,,,,,,,,,,
RaCaS13,Unknown,14.6383810043335,44.1274166703224,67.5999929904938,13.9150733818002,50.1621435775238,51.5840214320592,Unknown,Unknown,Unknown,Unknown,Unknown,Unknown,OOB,,,,,,,,,,,
RaCaS14,Unknown,14.6383810043335,44.527160525322,71.9999927282333,13.7374400067921,51.7750685195292,55.7163424216026,Unknown,Unknown,Unknown,Unknown,Unknown,Unknown,OOB,,,,,,,,,,,
RaCaS2,Unknown,6.64158344268799,37.3317711353302,12.7999962568283,6.89319704665619,26.7919588932375,-1.52448141270754,White,Right Cerebral White Matter,Unknown,R Olfactory cortex,Unknown,Unknown,WM,,,,,,,,,,,
RaCaS3,Unknown,7.04142332077026,38.1312588453293,17.599995970726,7.49250632565038,29.1372327350435,2.93901338544833,White,Right Cerebral White Matter,Unknown,Unknown,Unknown,Unknown,WM,,,,,,,,,,,
RaCaS4,A24rv_R,8.24094295501709,38.9307465553284,22.3999956846237,8.83374362413575,31.6365818750291,7.41762844397097,White,Right Cerebral White Matter,Unknown,Unknown,R CG,Unknown,WM,,,,,,,,,,,
RaCaS5,A24rv_R,8.64078283309937,39.7302342653275,27.1999953985214,9.27993143172491,34.0267834825581,11.8778527253339,Gray,Right ACgG anterior cingulate gyrus,Unknown,R ACC,R CG,Unknown,WM,,,,,,,,,,,
RaCaS6,A32p_R,9.44046258926392,40.5297219753265,32.3999950885773,9.88290269683007,36.4078429604874,16.7511069369154,Gray,Right ACgG anterior cingulate gyrus,Unknown,R ACC,R CG,Right cingulate gyrus G,,,,,,,,,,,,
RaCaS7,A9m_R,10.2401423454285,40.9294658303261,37.199994802475,10.3801997697272,38.19167096923,21.4393346358319,Gray,Right MSFG superior frontal gyrus medial segment,Unknown,R ACC,R SFG,Right superior frontal gyrus 1 A,,,,,,,,,,,,
RaCaS8,A9m_R,11.039822101593,41.7289535403252,41.9999945163727,10.9968300709108,40.3360071766133,26.0357234202275,Gray,Right MSFG superior frontal gyrus medial segment,Unknown,R ACC,R SFG,Right superior frontal gyrus 1 A,WM,,,,,,,,,,,
RaCaS9,A9m_R,11.4396619796753,42.5284412503242,46.7999942302704,11.2541960891412,42.5044743803894,30.694616642128,Gray,Right Cerebral White Matter,Unknown,R MCC,R SFG,Right superior frontal gyrus 2 A,WM,,,,,,,,,,,
RAglT1,rHipp_R,17.0374202728271,8.9499574303627,-19.2000018358231,19.3531428616063,-10.481069091226,-23.3026109293205,Gray,Right Hippocampus,CA1 (Hippocampus),R ParaHippocampal Gyrus,R Hipp,Right hippocampus pes,Right amygdala inferior,,,,,,,,,,,
RAglT2,rHipp_R,21.8354988098145,8.15046972036362,-18.0000019073486,24.2799889830505,-10.67698480645,-21.8973144738853,Gray,Right Hippocampus,CA1 (Hippocampus),R Hippocampus,R Hipp,Right hippocampus pes,Right amygdala inferior,,,,,,,,,,,
RAglT3,rHipp_R,26.6335773468018,7.75072586536407,-17.2000019550323,29.251340308157,-10.694045507989,-21.0394509892885,Gray,Right Hippocampus,CA1 (Hippocampus),R Hippocampus,R Hipp,Right hippocampus pes,Right amygdala inferior,,,,,,,,,,,
RAglT4,cHipp_R,31.4316558837891,6.95123815536499,-16.0000020265579,34.2333054315476,-10.9792063511959,-19.6687306384651,Gray,Right Hippocampus,CA1 (Hippocampus),R Hippocampus,R Hipp,Right hippocampus pes,Right amygdala inferior,,,,,,,,,,,
RAglT5,cHipp_R,36.6295742988586,6.55149430036545,-15.2000020742416,39.6487250555129,-11.0857625234695,-18.9637617513436,White,Right Cerebral White Matter,Unknown,R Hippocampus,R Hipp,Unknown,WM,,,,,,,,,,,
RAglT6,Unknown,41.0278129577637,5.75200659036636,-14.4000021219254,44.1767306425134,-11.7076303261478,-18.1577898791047,White,Right Cerebral White Matter,Unknown,Unknown,Unknown,Unknown,WM,,,,,,,,,,,
RAglT7,aSTS_R,46.2257313728333,5.35226273536682,-13.2000021934509,49.453351468456,-11.8943976188193,-17.187436888818,Gray,Right MTG middle temporal gyrus,Unknown,R Middle Temporal Gyrus,R MTG,Right superior middle temporal gyrus B,,,,,,,,,,,,
RAglT8,aSTS_R,51.0238099098206,4.95251888036728,-12.4000022411346,54.2217769233548,-12.1608654528248,-16.398195338087,Gray,Right MTG middle temporal gyrus,Unknown,R Middle Temporal Gyrus,R MTG,Right superior middle temporal gyrus B,,,,,,,,,,,,
RAglT9,aSTS_R,55.8218884468079,4.55277502536774,-11.2000023126602,58.9789794869974,-12.2985418215901,-15.1239720558634,Gray,Right MTG middle temporal gyrus,Unknown,R Middle Temporal Gyrus,R MTG,Right superior middle temporal gyrus B,WM,,,,,,,,,,,
uRAglT,rHipp_R,13.4388613700867,9.74944514036179,-20.0000017881393,15.6234947061863,-10.1428251396231,-24.3159606181034,Gray,Right PHG parahippocampal gyrus,Subiculum,R ParaHippocampal Gyrus,R Hipp,Right parahippocampal gyrus C,Right amygdala inferior,,,,,,,,,,,
RCMsP1,Unknown,41.0278129577637,-14.2351861596107,-17.2000019550323,42.4805529328431,-32.8256691134706,-13.507227651116,Gray,Right Cerebral White Matter,Unknown,R Fusiform Gyrus,Unknown,Unknown,Right lateral occipitotemporal gyrus A,,,,,,,,,,,
RCMsP10,Unknown,32.6311755180359,-56.6080347895622,-5.20000267028809,33.9907291438304,-72.6919289413764,13.0887576771431,Gray,Right Cerebral White Matter,Unknown,R Middle Occipital Gyrus,Unknown,Unknown,Right inferior middle occipital gyrus K,,,,,,,,,,,
RCMsP11,lsOccG_R,31.8314957618713,-61.0052171945572,-4.00000274181366,33.1850269862584,-76.7655048500113,15.7743287767683,White,Right MOG middle occipital gyrus,Unknown,R Middle Occipital Gyrus,R LOcC,Right inferior angular gyrus A,WM,,,,,,,,,,,
RCMsP12,mOccG_R,31.0318160057068,-65.8021434545517,-2.80000281333923,32.4453639854379,-81.2217586802788,18.699383638343,Gray,Right MOG middle occipital gyrus,Unknown,R Middle Occipital Gyrus,R LOcC,Right inferior angular gyrus A,,,,,,,,,,,,
RCMsP13,mOccG_R,30.2321362495422,-70.5990697145462,-1.20000290870667,31.7444261044872,-85.474602679817,22.0975354253029,Gray,Right MOG middle occipital gyrus,Area hOc4d [V3A],R Middle Occipital Gyrus,R LOcC,Right inferior angular gyrus A,,,,,,,,,,,,
RCMsP14,mOccG_R,29.0326166152954,-75.3959959745407,-0.400002956390381,30.6881046295166,-89.9847151568147,24.7183597590648,Gray,Right SOG superior occipital gyrus,Area hOc4d [V3A],R Middle Occipital Gyrus,R LOcC,Right inferior angular gyrus A,OOB,,,,,,,,,,,
RCMsP2,Unknown,39.8282933235168,-19.0321124196053,-16.0000020265579,41.0784627174845,-37.3383963967667,-10.576099564429,Gray,Right Cerebral White Matter,Unknown,Unknown,Unknown,Unknown,Right medial occipitotemporal gyrus D,,,,,,,,,,,
RCMsP3,Unknown,39.0286135673523,-23.4292948246002,-14.8000020980835,40.1417729384234,-41.4083061737268,-7.69588789972318,Gray,Right Cerebral White Matter,Unknown,Unknown,Unknown,Unknown,Right medial occipitotemporal gyrus D,,,,,,,,,,,
RCMsP4,Unknown,38.2289338111877,-28.2262210845947,-13.6000021696091,39.2408266651387,-45.8913967885128,-4.65283763165377,Gray,Right Cerebral White Matter,Unknown,Unknown,Unknown,Unknown,WM,,,,,,,,,,,
RCMsP5,Unknown,37.4292540550232,-33.0231473445892,-12.0000022649765,38.4214247359711,-50.3270921512526,-1.37059704873229,White,Right Cerebral White Matter,Unknown,Unknown,Unknown,Unknown,WM,,,,,,,,,,,
RCMsP6,Unknown,36.6295742988586,-37.4203297495842,-10.8000023365021,37.6245318302492,-54.5445881538651,1.32461099581616,White,Right Cerebral White Matter,Unknown,Unknown,Unknown,Unknown,WM,,,,,,,,,,,
RCMsP7,Unknown,35.4300546646118,-42.2172560095787,-9.20000243186951,36.5117984174871,-59.0863735173024,4.50577941557177,White,Right Cerebral White Matter,Unknown,Unknown,Unknown,Unknown,WM,,,,,,,,,,,
RCMsP8,Unknown,34.6303749084473,-47.0141822695732,-8.00000250339508,35.8362303493785,-63.7187087908894,7.2288040498487,White,Right Cerebral White Matter,Unknown,Unknown,Unknown,Unknown,WM,,,,,,,,,,,
RCMsP9,Unknown,33.8306951522827,-51.8111085295677,-6.40000259876251,35.1657865615118,-68.15735408238,10.3581307664209,White,Right Cerebral White Matter,Unknown,Unknown,Unknown,Unknown,WM,,,,,,,,,,,
RHplT1,rHipp_R,21.0358190536499,-1.04363894462585,-18.4000018835068,23.2810708000546,-19.9607062307345,-18.9367150676494,Gray,Right Hippocampus,Subiculum,R ParaHippocampal Gyrus,R Hipp,Right hippocampus pes,subiculum,,,,,,,,,,,
RHplT10,A21c_R,65.8178853988647,-3.04235821962357,-12.0000022649765,68.3718355658914,-20.3980651518115,-13.074474470956,Gray,Right MTG middle temporal gyrus,Unknown,R Middle Temporal Gyrus,R MTG,Right superior middle temporal gyrus C,,,,,,,,,,,,
RHplT2,cHipp_R,25.8338975906372,-1.4433827996254,-17.6000019311905,28.1060266689378,-19.9384995285346,-17.9364136416896,Gray,Right Hippocampus,DG (Hippocampus),R Hippocampus,R Hipp,Right hippocampus pes,CA1,,,,,,,,,,,
RHplT3,cHipp_R,31.0318160057068,-1.84312665462494,-16.8000019788742,33.3019736153739,-19.9667595973631,-17.1295326193985,Gray,Right Hippocampus,DG (Hippocampus),R Hippocampus,R Hipp,Right hippocampus body,CA1,,,,,,,,,,,
RHplT4,cHipp_R,36.2297344207764,-1.84312665462494,-16.0000020265579,38.5505893992729,-19.6458714284053,-16.5257992582256,Gray,Right Hippocampus,CA1 (Hippocampus),R Hippocampus,R Hipp,Right hippocampus body,CA1,,,,,,,,,,,
RHplT5,Unknown,41.0278129577637,-2.24287050962448,-15.2000020742416,43.4349139466578,-19.8612766265869,-15.837559764888,White,Right Cerebral White Matter,Unknown,R Hippocampus,Unknown,Unknown,WM,,,,,,,,,,,
RHplT6,aSTS_R,45.825891494751,-2.64261436462402,-14.4000021219254,48.2719777684633,-20.1711386726016,-15.2188468660627,White,Right Cerebral White Matter,Unknown,Unknown,R MTG,Unknown,WM,,,,,,,,,,,
RHplT7,aSTS_R,51.0238099098206,-2.64261436462402,-14.0000021457672,53.522313487773,-20.1858331978727,-14.9891967513934,Gray,Right MTG middle temporal gyrus,Unknown,R Middle Temporal Gyrus,R MTG,Unknown,Right superior middle temporal gyrus C,,,,,,,,,,,
RHplT8,aSTS_R,55.8218884468079,-3.04235821962357,-13.2000021934509,58.3247916552485,-20.4348437640132,-14.1102831509649,Gray,Right MTG middle temporal gyrus,Unknown,R Middle Temporal Gyrus,R MTG,Right superior middle temporal gyrus C,,,,,,,,,,,,
RHplT9,A21c_R,60.6199669837952,-3.04235821962357,-12.8000022172928,63.1654782457417,-20.4856652240364,-13.8588583420734,Gray,Right MTG middle temporal gyrus,Unknown,R Middle Temporal Gyrus,R MTG,Right superior middle temporal gyrus C,,,,,,,,,,,,
RHtOc1,lPFtha_R,4.24254417419434,-9.83800375461578,-3.20000278949738,5.55892709161149,-23.5280010846196,-0.877688561014983,Gray,Right Thalamus Proper,Thal: Prefrontal,R Thalamus,R Tha,Unknown,WM,,,,,,,,,,,
RHtOc10,Unknown,36.2297344207764,-26.6272456645966,23.19999563694,37.7124406983252,-32.1340978064505,31.6683439916494,White,Right Cerebral White Matter,Unknown,Unknown,Unknown,Unknown,WM,,,,,,,,,,,
RHtOc11,A40rd_R,39.8282933235168,-28.2262210845947,26.3999954462051,40.9628177564971,-32.7128587969306,35.5678324796716,White,Right Cerebral White Matter,Area 2,Unknown,R IPL,Right superior parietal 1 G,WM,,,,,,,,,,,
RHtOc12,A40rd_R,43.4268522262573,-30.2249403595924,29.1999952793121,44.2392120620831,-33.7995944898956,39.2394620155802,Gray,Right SMG supramarginal gyrus,Area 2,R SupraMarginal Gyrus,R IPL,Right superior parietal 1 G,,,,,,,,,,,,
RHtOc13,A40rd_R,47.0254111289978,-32.2236596345901,31.9999951124191,47.620826850943,-34.8871573363843,42.8286222341109,White,Right SMG supramarginal gyrus,Area PFt (IPL),R SupraMarginal Gyrus,R IPL,Right supramarginal gyrus 1 B,WM,,,,,,,,,,,
RHtOc14,A40rd_R,50.6239700317383,-34.2223789095879,35.1999949216843,51.0391459821844,-35.8285116597909,46.8498290704221,White,Right SMG supramarginal gyrus,Area PFt (IPL),R Inferior Parietal Lobule,R IPL,Right supramarginal gyrus 1 B,WM,,,,,,,,,,,
RHtOc15,A40c_R,54.622368812561,-37.0205858945847,38.3999947309494,55.02130036127,-37.5654598158233,51.1999851408459,Gray,Right SMG supramarginal gyrus,Area PF (IPL),R Inferior Parietal Lobule,R IPL,Right supramarginal gyrus 1 B,OOB,,,,,,,,,,,
RHtOc16,A40c_R,58.2209277153015,-38.6195613145828,41.1999945640564,58.6393694455932,-38.1787364466661,54.6963738681508,Unknown,Right SMG supramarginal gyrus,Unknown,R Inferior Parietal Lobule,R IPL,Right supramarginal gyrus 1 B,OOB,,,,,,,,,,,
RHtOc2,lPFtha_R,7.84110307693481,-11.8367230296135,-0.400002956390381,9.32838498978388,-24.4844600911043,2.58432585771392,Gray,Right Thalamus Proper,Thal: Prefrontal,R Thalamus,R Tha,Unknown,WM,,,,,,,,,,,
RHtOc3,lPFtha_R,11.4396619796753,-13.4356984496117,2.39999687671661,13.0710519089991,-25.0422421539722,5.94629241333527,Gray,Right Thalamus Proper,Thal: Parietal,R Thalamus,R Tha,Unknown,WM,,,,,,,,,,,
RHtOc4,lPFtha_R,15.0382208824158,-15.4344177246094,5.59999668598175,16.8058030134967,-25.832930571368,9.86631232540624,Gray,Right Thalamus Proper,Thal: Parietal,R Thalamus,R Tha,Unknown,WM,,,,,,,,,,,
RHtOc5,PPtha_R,18.6367797851562,-17.0333931446075,8.39999651908875,20.5473106669731,-26.4297675567419,13.3034841252022,White,Right Thalamus Proper,Thal: Parietal,R Thalamus,R Tha,Unknown,WM,,,,,,,,,,,
RHtOc6,dCa_R,21.8354988098145,-19.0321124196053,11.1999963521957,23.8006617487693,-27.5938460551152,16.9177047508914,White,Right Cerebral White Matter,Unknown,Unknown,R BG,Unknown,WM,,,,,,,,,,,
RHtOc7,Unknown,25.4340577125549,-20.6310878396034,14.3999961614609,27.3401234685158,-28.4043095647072,20.8200432264886,White,Right Cerebral White Matter,Unknown,Unknown,Unknown,Unknown,WM,,,,,,,,,,,
RHtOc8,Unknown,29.0326166152954,-22.6298071146011,17.1999959945679,30.8332155448239,-29.7693005646167,24.3772528252634,White,Right Cerebral White Matter,Unknown,Unknown,Unknown,Unknown,WM,,,,,,,,,,,
RHtOc9,Unknown,32.6311755180359,-24.6285263895988,20.399995803833,34.3065854027158,-30.9518514101197,28.2211898622059,White,Right Cerebral White Matter,Unknown,Unknown,Unknown,Unknown,WM,,,,,,,,,,,
RmCmS1,A24rv_R,5.04222393035889,11.34842056036,29.9999952316284,5.52309680795994,7.45063230293949,26.796897356202,Gray,Right MCgG middle cingulate gyrus,Area 33,R ACC,R CG,Unknown,WM,,,,,,,,,,,
RmCmS10,Unknown,25.8338975906372,16.9448345303535,70.7999927997589,24.9140768245775,25.6247640726518,65.7344833685427,Unknown,Unknown,Unknown,Unknown,Unknown,Unknown,OOB,,,,,,,,,,,
RmCmS2,A24rv_R,7.44126319885254,12.147908270359,34.7999949455261,8.14387103813846,9.71331174033029,31.1852870603808,White,Right Cerebral White Matter,Area 33,R MCC,R CG,Unknown,WM,,,,,,,,,,,
RmCmS3,A24cd_R,9.84030246734619,12.5476521253586,39.1999946832657,10.497953135951,11.4917477393637,35.396628762589,Gray,Right MCgG middle cingulate gyrus,Unknown,R MCC,R CG,Right cingulate gyrus J,,,,,,,,,,,,
RmCmS4,A8m_R,11.8395018577576,13.3471398353577,43.5999944210052,12.3872273049387,13.6514673233032,39.4872627777307,White,Right SMC supplementary motor cortex,Unknown,R MCC,R SFG,Right superior frontal gyrus 4 A,WM,,,,,,,,,,,
RmCmS5,Unknown,14.2385411262512,14.1466275453568,48.399994134903,14.4299492803561,15.9272533079394,44.0385411839907,White,Right Cerebral White Matter,Unknown,R MCC,Unknown,Unknown,WM,,,,,,,,,,,
RmCmS6,Unknown,16.6375803947449,14.9461152553558,52.7999938726425,16.4405251522453,18.0513533637637,48.2293889311706,White,Right Cerebral White Matter,Unknown,R Superior Frontal Gyrus,Unknown,Unknown,WM,,,,,,,,,,,
RmCmS7,A8dl_R,18.6367797851562,15.7456029653549,57.1999936103821,18.1197465390575,20.1628238911531,52.4312023500196,White,Right SFG superior frontal gyrus,Unknown,R Superior Frontal Gyrus,R SFG,Right superior frontal gyrus 4 D,WM,,,,,,,,,,,
RmCmS8,A8dl_R,20.6359791755676,16.545090675354,61.5999933481216,19.9331972161118,22.285415078507,56.5987650034379,Gray,Right SFG superior frontal gyrus,Unknown,R Superior Frontal Gyrus,R SFG,Right superior frontal gyrus 4 D,,,,,,,,,,,,
RmCmS9,A8dl_R,23.0350184440613,17.3445783853531,65.9999930858612,22.2284543433157,24.4394331692027,60.7300414779559,Gray,Right SFG superior frontal gyrus,Unknown,R Superior Frontal Gyrus,R SFG,Right superior frontal gyrus 5 D,OOB,,,,,,,,,,,
RmOlF1,A13_R,11.039822101593,48.9243429303169,-2.40000283718109,12.2229637807729,32.0332126876935,-21.4318838054631,Gray,Right MOrG medial orbital gyrus,Area Fo1,R Rectal Gyrus,R OrG,Right frontal orbital 4 A,,,,,,,,,,,,
RmOlF2,A11l_R,15.0382208824158,48.9243429303169,-0.400002956390381,16.5292738765275,32.8139064685017,-19.4705830009616,White,Right Cerebral White Matter,Area Fo1,R Superior Orbital Gyrus,R OrG,Unknown,WM,,,,,,,,,,,
RmOlF3,A11l_R,19.4364595413208,48.9243429303169,1.59999692440033,21.3380885351272,33.5577039134746,-17.6812702620111,Gray,Right MOrG medial orbital gyrus,Area Fo3,R Superior Orbital Gyrus,R OrG,Right frontal orbital 4 C,,,,,,,,,,,,
RmOlF4,A11l_R,23.8346982002258,50.1235744953156,3.99999678134918,26.0729710844909,35.5033241323873,-15.9411854192513,Gray,Right MOrG medial orbital gyrus,Area Fo3,R Superior Orbital Gyrus,R OrG,Right frontal orbital 4 D,WM,,,,,,,,,,,
RmOlF5,A11l_R,29.0326166152954,50.1235744953156,5.99999666213989,31.6233971913656,36.2252488428233,-14.145348256948,Gray,Right AOrG anterior orbital gyrus,Area Fo3,R IFG (p Orbitalis),R OrG,Right frontal orbital 4 D,,,,,,,,,,,,
RmOlF6,A11l_R,33.4308552742004,50.1235744953156,8.39999651908875,36.2733049976582,37.0872059517166,-11.9091904374207,Gray,Right LOrG lateral orbital gyrus,Unknown,R IFG (p Orbitalis),R OrG,Right pars orbitalis B,WM,,,,,,,,,,,
RmOlF7,A12/47o_R,37.4292540550232,49.723830640316,10.3999963998795,40.4779255406386,37.4326711641688,-9.83139302130459,Gray,Right Cerebral White Matter,Unknown,R IFG (p Orbitalis),R OrG,Right pars orbitalis B,,,,,,,,,,,,
RmOlF8,A12/47l_R,42.2273325920105,49.723830640316,12.3999962806702,45.6009917226778,38.1332579113188,-7.7323123062549,Gray,Right OrIFG orbital part of the inferior frontal gyrus,Unknown,R IFG (p Orbitalis),R OrG,Right anterior pars triangularis A,,,,,,,,,,,,
RmOlF9,A45r_R,46.6255712509155,49.723830640316,14.799996137619,50.2236707518701,38.9600732245413,-5.16369003341311,Gray,Right TrIFG triangular part of the inferior frontal gyrus,Unknown,R IFG (p Orbitalis),R IFG,Right anterior pars triangularis A,,,,,,,,,,,,
uRmOlF,A13_R,7.44126319885254,48.5245990753174,-4.00000274181366,8.40583547929517,31.0341594073237,-22.9379155295236,Gray,Right GRe gyrus rectus,Area Fo1,R Rectal Gyrus,R OrG,Right frontal orbital 4 A,,,,,,,,,,,,
,,,,,,,,,,,,,,,,,,,,,,,,,
,,,,,,,,,,,,,,,,,,,,,,,,,
,,,,,,,,,,,,,,,,,,,,,,,,,
,,,,,,,,,,,,,,,,,,,,,,,,,
,,,,,,,,,,,,,,,,,,,,,,,,,
,,,,,,,,,,,,,,,,,,,,,,,,,
,,,,,,,,,,,,,,,,,,,,,,,,,
,,,,,,,,,,,,,,,,,,,,,,,,,
,,,,,,,,,,,,,,,,,,,,,,,,,
,,,,,,,,,,,,,,,,,,,,,,,,,
,,,,,,,,,,,,,,,,,,,,,,,,,
,,,,,,,,,,,,,,,,,,,,,,,,,
,,,,,,,,,,,,,,,,,,,,,,,,,
,,,,,,,,,,,,,,,,,,,,,,,,,
,,,,,,,,,,,,,,,,,,,,,,,,,
,,,,,,,,,,,,,,,,,,,,,,,,,
,,,,,,,,,,,,,,,,,,,,,,,,,
,,,,,,,,,,,,,,,,,,,,,,,,,
,,,,,,,,,,,,,,,,,,,,,,,,,
,,,,,,,,,,,,,,,,,,,,,,,,,
,,,,,,,,,,,,,,,,,,,,,,,,,
,,,,,,,,,,,,,,,,,,,,,,,,,
,,,,,,,,,,,,,,,,,,,,,,,,,
,,,,,,,,,,,,,,,,,,,,,,,,,
,,,,,,,,,,,,,,,,,,,,,,,,,
,,,,,,,,,,,,,,,,,,,,,,,,,
,,,,,,,,,,,,,,,,,,,,,,,,,
,,,,,,,,,,,,,,,,,,,,,,,,,
,,,,,,,,,,,,,,,,,,,,,,,,,
,,,,,,,,,,,,,,,,,,,,,,,,,
,,,,,,,,,,,,,,,,,,,,,,,,,
,,,,,,,,,,,,,,,,,,,,,,,,,
,,,,,,,,,,,,,,,,,,,,,,,,,
,,,,,,,,,,,,,,,,,,,,,,,,,
,,,,,,,,,,,,,,,,,,,,,,,,,
,,,,,,,,,,,,,,,,,,,,,,,,,
,,,,,,,,,,,,,,,,,,,,,,,,,
,,,,,,,,,,,,,,,,,,,,,,,,,
,,,,,,,,,,,,,,,,,,,,,,,,,
,,,,,,,,,,,,,,,,,,,,,,,,,
,,,,,,,,,,,,,,,,,,,,,,,,,
,,,,,,,,,,,,,,,,,,,,,,,,,
,,,,,,,,,,,,,,,,,,,,,,,,,
,,,,,,,,,,,,,,,,,,,,,,,,,
,,,,,,,,,,,,,,,,,,,,,,,,,
,,,,,,,,,,,,,,,,,,,,,,,,,
,,,,,,,,,,,,,,,,,,,,,,,,,
,,,,,,,,,,,,,,,,,,,,,,,,,
,,,,,,,,,,,,,,,,,,,,,,,,,
,,,,,,,,,,,,,,,,,,,,,,,,,
,,,,,,,,,,,,,,,,,,,,,,,,,
,,,,,,,,,,,,,,,,,,,,,,,,,
,,,,,,,,,,,,,,,,,,,,,,,,,
,,,,,,,,,,,,,,,,,,,,,,,,,
,,,,,,,,,,,,,,,,,,,,,,,,,
,,,,,,,,,,,,,,,,,,,,,,,,,
,,,,,,,,,,,,,,,,,,,,,,,,,
,,,,,,,,,,,,,,,,,,,,,,,,,
,,,,,,,,,,,,,,,,,,,,,,,,,
,,,,,,,,,,,,,,,,,,,,,,,,,
,,,,,,,,,,,,,,,,,,,,,,,,,
,,,,,,,,,,,,,,,,,,,,,,,,,
,,,,,,,,,,,,,,,,,,,,,,,,,
,,,,,,,,,,,,,,,,,,,,,,,,,
,,,,,,,,,,,,,,,,,,,,,,,,,
,,,,,,,,,,,,,,,,,,,,,,,,,
,,,,,,,,,,,,,,,,,,,,,,,,,
,,,,,,,,,,,,,,,,,,,,,,,,,
,,,,,,,,,,,,,,,,,,,,,,,,,
,,,,,,,,,,,,,,,,,,,,,,,,,
,,,,,,,,,,,,,,,,,,,,,,,,,
,,,,,,,,,,,,,,,,,,,,,,,,,
,,,,,,,,,,,,,,,,,,,,,,,,,
,,,,,,,,,,,,,,,,,,,,,,,,,
,,,,,,,,,,,,,,,,,,,,,,,,,
,,,,,,,,,,,,,,,,,,,,,,,,,
,,,,,,,,,,,,,,,,,,,,,,,,,
,,,,,,,,,,,,,,,,,,,,,,,,,
,,,,,,,,,,,,,,,,,,,,,,,,,
,,,,,,,,,,,,,,,,,,,,,,,,,
,,,,,,,,,,,,,,,,,,,,,,,,,
,,,,,,,,,,,,,,,,,,,,,,,,,
,,,,,,,,,,,,,,,,,,,,,,,,,
,,,,,,,,,,,,,,,,,,,,,,,,,
,,,,,,,,,,,,,,,,,,,,,,,,,
,,,,,,,,,,,,,,,,,,,,,,,,,
,,,,,,,,,,,,,,,,,,,,,,,,,
,,,,,,,,,,,,,,,,,,,,,,,,,
,,,,,,,,,,,,,,,,,,,,,,,,,
,,,,,,,,,,,,,,,,,,,,,,,,,
,,,,,,,,,,,,,,,,,,,,,,,,,
,,,,,,,,,,,,,,,,,,,,,,,,,
,,,,,,,,,,,,,,,,,,,,,,,,,
,,,,,,,,,,,,,,,,,,,,,,,,,
,,,,,,,,,,,,,,,,,,,,,,,,,
,,,,,,,,,,,,,,,,,,,,,,,,,
,,,,,,,,,,,,,,,,,,,,,,,,,
,,,,,,,,,,,,,,,,,,,,,,,,,
,,,,,,,,,,,,,,,,,,,,,,,,,
,,,,,,,,,,,,,,,,,,,,,,,,,
,,,,,,,,,,,,,,,,,,,,,,,,,
,,,,,,,,,,,,,,,,,,,,,,,,,
,,,,,,,,,,,,,,,,,,,,,,,,,
,,,,,,,,,,,,,,,,,,,,,,,,,
,,,,,,,,,,,,,,,,,,,,,,,,,
,,,,,,,,,,,,,,,,,,,,,,,,,
,,,,,,,,,,,,,,,,,,,,,,,,,
,,,,,,,,,,,,,,,,,,,,,,,,,
,,,,,,,,,,,,,,,,,,,,,,,,,
,,,,,,,,,,,,,,,,,,,,,,,,,
,,,,,,,,,,,,,,,,,,,,,,,,,
,,,,,,,,,,,,,,,,,,,,,,,,,
,,,,,,,,,,,,,,,,,,,,,,,,,
,,,,,,,,,,,,,,,,,,,,,,,,,
,,,,,,,,,,,,,,,,,,,,,,,,,
,,,,,,,,,,,,,,,,,,,,,,,,,
,,,,,,,,,,,,,,,,,,,,,,,,,
,,,,,,,,,,,,,,,,,,,,,,,,,
,,,,,,,,,,,,,,,,,,,,,,,,,
,,,,,,,,,,,,,,,,,,,,,,,,,
,,,,,,,,,,,,,,,,,,,,,,,,,
,,,,,,,,,,,,,,,,,,,,,,,,,
,,,,,,,,,,,,,,,,,,,,,,,,,
,,,,,,,,,,,,,,,,,,,,,,,,,
,,,,,,,,,,,,,,,,,,,,,,,,,
,,,,,,,,,,,,,,,,,,,,,,,,,
,,,,,,,,,,,,,,,,,,,,,,,,,
,,,,,,,,,,,,,,,,,,,,,,,,,
,,,,,,,,,,,,,,,,,,,,,,,,,
,,,,,,,,,,,,,,,,,,,,,,,,,
,,,,,,,,,,,,,,,,,,,,,,,,,
,,,,,,,,,,,,,,,,,,,,,,,,,
,,,,,,,,,,,,,,,,,,,,,,,,,
,,,,,,,,,,,,,,,,,,,,,,,,,
,,,,,,,,,,,,,,,,,,,,,,,,,
,,,,,,,,,,,,,,,,,,,,,,,,,
,,,,,,,,,,,,,,,,,,,,,,,,,
,,,,,,,,,,,,,,,,,,,,,,,,,
,,,,,,,,,,,,,,,,,,,,,,,,,
,,,,,,,,,,,,,,,,,,,,,,,,,
,,,,,,,,,,,,,,,,,,,,,,,,,
,,,,,,,,,,,,,,,,,,,,,,,,,
,,,,,,,,,,,,,,,,,,,,,,,,,
,,,,,,,,,,,,,,,,,,,,,,,,,
,,,,,,,,,,,,,,,,,,,,,,,,,
,,,,,,,,,,,,,,,,,,,,,,,,,
,,,,,,,,,,,,,,,,,,,,,,,,,
,,,,,,,,,,,,,,,,,,,,,,,,,
,,,,,,,,,,,,,,,,,,,,,,,,,
,,,,,,,,,,,,,,,,,,,,,,,,,
,,,,,,,,,,,,,,,,,,,,,,,,,
,,,,,,,,,,,,,,,,,,,,,,,,,
,,,,,,,,,,,,,,,,,,,,,,,,,
,,,,,,,,,,,,,,,,,,,,,,,,,
,,,,,,,,,,,,,,,,,,,,,,,,,
,,,,,,,,,,,,,,,,,,,,,,,,,
,,,,,,,,,,,,,,,,,,,,,,,,,
,,,,,,,,,,,,,,,,,,,,,,,,,
,,,,,,,,,,,,,,,,,,,,,,,,,
,,,,,,,,,,,,,,,,,,,,,,,,,
,,,,,,,,,,,,,,,,,,,,,,,,,
,,,,,,,,,,,,,,,,,,,,,,,,,
,,,,,,,,,,,,,,,,,,,,,,,,,
,,,,,,,,,,,,,,,,,,,,,,,,,
,,,,,,,,,,,,,,,,,,,,,,,,,
,,,,,,,,,,,,,,,,,,,,,,,,,
,,,,,,,,,,,,,,,,,,,,,,,,,
,,,,,,,,,,,,,,,,,,,,,,,,,
,,,,,,,,,,,,,,,,,,,,,,,,,
,,,,,,,,,,,,,,,,,,,,,,,,,
,,,,,,,,,,,,,,,,,,,,,,,,,
,,,,,,,,,,,,,,,,,,,,,,,,,
,,,,,,,,,,,,,,,,,,,,,,,,,
,,,,,,,,,,,,,,,,,,,,,,,,,
,,,,,,,,,,,,,,,,,,,,,,,,,
,,,,,,,,,,,,,,,,,,,,,,,,,
,,,,,,,,,,,,,,,,,,,,,,,,,
,,,,,,,,,,,,,,,,,,,,,,,,,
,,,,,,,,,,,,,,,,,,,,,,,,,
,,,,,,,,,,,,,,,,,,,,,,,,,
,,,,,,,,,,,,,,,,,,,,,,,,,
,,,,,,,,,,,,,,,,,,,,,,,,,
,,,,,,,,,,,,,,,,,,,,,,,,,
,,,,,,,,,,,,,,,,,,,,,,,,,
,,,,,,,,,,,,,,,,,,,,,,,,,
,,,,,,,,,,,,,,,,,,,,,,,,,
,,,,,,,,,,,,,,,,,,,,,,,,,
,,,,,,,,,,,,,,,,,,,,,,,,,
,,,,,,,,,,,,,,,,,,,,,,,,,
,,,,,,,,,,,,,,,,,,,,,,,,,
,,,,,,,,,,,,,,,,,,,,,,,,,
,,,,,,,,,,,,,,,,,,,,,,,,,
,,,,,,,,,,,,,,,,,,,,,,,,,
,,,,,,,,,,,,,,,,,,,,,,,,,
,,,,,,,,,,,,,,,,,,,,,,,,,
,,,,,,,,,,,,,,,,,,,,,,,,,
,,,,,,,,,,,,,,,,,,,,,,,,,
,,,,,,,,,,,,,,,,,,,,,,,,,
,,,,,,,,,,,,,,,,,,,,,,,,,
,,,,,,,,,,,,,,,,,,,,,,,,,
,,,,,,,,,,,,,,,,,,,,,,,,,
,,,,,,,,,,,,,,,,,,,,,,,,,
,,,,,,,,,,,,,,,,,,,,,,,,,
,,,,,,,,,,,,,,,,,,,,,,,,,
,,,,,,,,,,,,,,,,,,,,,,,,,
,,,,,,,,,,,,,,,,,,,,,,,,,
,,,,,,,,,,,,,,,,,,,,,,,,,
,,,,,,,,,,,,,,,,,,,,,,,,,
,,,,,,,,,,,,,,,,,,,,,,,,,
,,,,,,,,,,,,,,,,,,,,,,,,,
,,,,,,,,,,,,,,,,,,,,,,,,,
,,,,,,,,,,,,,,,,,,,,,,,,,
,,,,,,,,,,,,,,,,,,,,,,,,,
,,,,,,,,,,,,,,,,,,,,,,,,,
,,,,,,,,,,,,,,,,,,,,,,,,,
,,,,,,,,,,,,,,,,,,,,,,,,,
,,,,,,,,,,,,,,,,,,,,,,,,,
,,,,,,,,,,,,,,,,,,,,,,,,,
,,,,,,,,,,,,,,,,,,,,,,,,,
,,,,,,,,,,,,,,,,,,,,,,,,,
,,,,,,,,,,,,,,,,,,,,,,,,,
,,,,,,,,,,,,,,,,,,,,,,,,,
,,,,,,,,,,,,,,,,,,,,,,,,,
,,,,,,,,,,,,,,,,,,,,,,,,,
,,,,,,,,,,,,,,,,,,,,,,,,,
,,,,,,,,,,,,,,,,,,,,,,,,,
,,,,,,,,,,,,,,,,,,,,,,,,,
,,,,,,,,,,,,,,,,,,,,,,,,,
,,,,,,,,,,,,,,,,,,,,,,,,,
,,,,,,,,,,,,,,,,,,,,,,,,,
,,,,,,,,,,,,,,,,,,,,,,,,,
,,,,,,,,,,,,,,,,,,,,,,,,,
,,,,,,,,,,,,,,,,,,,,,,,,,
,,,,,,,,,,,,,,,,,,,,,,,,,
,,,,,,,,,,,,,,,,,,,,,,,,,
,,,,,,,,,,,,,,,,,,,,,,,,,
,,,,,,,,,,,,,,,,,,,,,,,,,
,,,,,,,,,,,,,,,,,,,,,,,,,
,,,,,,,,,,,,,,,,,,,,,,,,,
,,,,,,,,,,,,,,,,,,,,,,,,,
,,,,,,,,,,,,,,,,,,,,,,,,,
,,,,,,,,,,,,,,,,,,,,,,,,,
,,,,,,,,,,,,,,,,,,,,,,,,,
,,,,,,,,,,,,,,,,,,,,,,,,,
,,,,,,,,,,,,,,,,,,,,,,,,,
,,,,,,,,,,,,,,,,,,,,,,,,,
,,,,,,,,,,,,,,,,,,,,,,,,,
,,,,,,,,,,,,,,,,,,,,,,,,,
,,,,,,,,,,,,,,,,,,,,,,,,,
,,,,,,,,,,,,,,,,,,,,,,,,,
,,,,,,,,,,,,,,,,,,,,,,,,,
,,,,,,,,,,,,,,,,,,,,,,,,,
,,,,,,,,,,,,,,,,,,,,,,,,,
,,,,,,,,,,,,,,,,,,,,,,,,,
,,,,,,,,,,,,,,,,,,,,,,,,,
,,,,,,,,,,,,,,,,,,,,,,,,,
,,,,,,,,,,,,,,,,,,,,,,,,,
,,,,,,,,,,,,,,,,,,,,,,,,,
,,,,,,,,,,,,,,,,,,,,,,,,,
,,,,,,,,,,,,,,,,,,,,,,,,,
,,,,,,,,,,,,,,,,,,,,,,,,,
,,,,,,,,,,,,,,,,,,,,,,,,,
,,,,,,,,,,,,,,,,,,,,,,,,,
,,,,,,,,,,,,,,,,,,,,,,,,,
,,,,,,,,,,,,,,,,,,,,,,,,,
,,,,,,,,,,,,,,,,,,,,,,,,,
,,,,,,,,,,,,,,,,,,,,,,,,,
,,,,,,,,,,,,,,,,,,,,,,,,,
,,,,,,,,,,,,,,,,,,,,,,,,,
,,,,,,,,,,,,,,,,,,,,,,,,,
,,,,,,,,,,,,,,,,,,,,,,,,,
,,,,,,,,,,,,,,,,,,,,,,,,,
,,,,,,,,,,,,,,,,,,,,,,,,,
,,,,,,,,,,,,,,,,,,,,,,,,,
,,,,,,,,,,,,,,,,,,,,,,,,,
,,,,,,,,,,,,,,,,,,,,,,,,,
,,,,,,,,,,,,,,,,,,,,,,,,,
,,,,,,,,,,,,,,,,,,,,,,,,,
,,,,,,,,,,,,,,,,,,,,,,,,,
,,,,,,,,,,,,,,,,,,,,,,,,,
,,,,,,,,,,,,,,,,,,,,,,,,,
,,,,,,,,,,,,,,,,,,,,,,,,,
,,,,,,,,,,,,,,,,,,,,,,,,,
,,,,,,,,,,,,,,,,,,,,,,,,,
,,,,,,,,,,,,,,,,,,,,,,,,,
,,,,,,,,,,,,,,,,,,,,,,,,,
,,,,,,,,,,,,,,,,,,,,,,,,,
,,,,,,,,,,,,,,,,,,,,,,,,,
,,,,,,,,,,,,,,,,,,,,,,,,,
,,,,,,,,,,,,,,,,,,,,,,,,,
,,,,,,,,,,,,,,,,,,,,,,,,,
,,,,,,,,,,,,,,,,,,,,,,,,,
,,,,,,,,,,,,,,,,,,,,,,,,,
,,,,,,,,,,,,,,,,,,,,,,,,,
,,,,,,,,,,,,,,,,,,,,,,,,,
,,,,,,,,,,,,,,,,,,,,,,,,,
,,,,,,,,,,,,,,,,,,,,,,,,,
,,,,,,,,,,,,,,,,,,,,,,,,,
,,,,,,,,,,,,,,,,,,,,,,,,,
,,,,,,,,,,,,,,,,,,,,,,,,,
,,,,,,,,,,,,,,,,,,,,,,,,,
,,,,,,,,,,,,,,,,,,,,,,,,,
,,,,,,,,,,,,,,,,,,,,,,,,,
,,,,,,,,,,,,,,,,,,,,,,,,,
,,,,,,,,,,,,,,,,,,,,,,,,,
,,,,,,,,,,,,,,,,,,,,,,,,,
,,,,,,,,,,,,,,,,,,,,,,,,,
,,,,,,,,,,,,,,,,,,,,,,,,,
,,,,,,,,,,,,,,,,,,,,,,,,,
,,,,,,,,,,,,,,,,,,,,,,,,,
,,,,,,,,,,,,,,,,,,,,,,,,,
,,,,,,,,,,,,,,,,,,,,,,,,,
,,,,,,,,,,,,,,,,,,,,,,,,,
,,,,,,,,,,,,,,,,,,,,,,,,,
,,,,,,,,,,,,,,,,,,,,,,,,,
,,,,,,,,,,,,,,,,,,,,,,,,,
,,,,,,,,,,,,,,,,,,,,,,,,,
,,,,,,,,,,,,,,,,,,,,,,,,,
,,,,,,,,,,,,,,,,,,,,,,,,,
,,,,,,,,,,,,,,,,,,,,,,,,,
,,,,,,,,,,,,,,,,,,,,,,,,,
,,,,,,,,,,,,,,,,,,,,,,,,,
,,,,,,,,,,,,,,,,,,,,,,,,,
,,,,,,,,,,,,,,,,,,,,,,,,,
,,,,,,,,,,,,,,,,,,,,,,,,,
,,,,,,,,,,,,,,,,,,,,,,,,,
,,,,,,,,,,,,,,,,,,,,,,,,,
,,,,,,,,,,,,,,,,,,,,,,,,,
,,,,,,,,,,,,,,,,,,,,,,,,,
,,,,,,,,,,,,,,,,,,,,,,,,,
,,,,,,,,,,,,,,,,,,,,,,,,,
,,,,,,,,,,,,,,,,,,,,,,,,,
,,,,,,,,,,,,,,,,,,,,,,,,,
,,,,,,,,,,,,,,,,,,,,,,,,,
,,,,,,,,,,,,,,,,,,,,,,,,,
,,,,,,,,,,,,,,,,,,,,,,,,,
,,,,,,,,,,,,,,,,,,,,,,,,,
,,,,,,,,,,,,,,,,,,,,,,,,,
,,,,,,,,,,,,,,,,,,,,,,,,,
,,,,,,,,,,,,,,,,,,,,,,,,,
,,,,,,,,,,,,,,,,,,,,,,,,,
,,,,,,,,,,,,,,,,,,,,,,,,,
,,,,,,,,,,,,,,,,,,,,,,,,,
,,,,,,,,,,,,,,,,,,,,,,,,,
,,,,,,,,,,,,,,,,,,,,,,,,,
,,,,,,,,,,,,,,,,,,,,,,,,,
,,,,,,,,,,,,,,,,,,,,,,,,,
,,,,,,,,,,,,,,,,,,,,,,,,,
,,,,,,,,,,,,,,,,,,,,,,,,,
,,,,,,,,,,,,,,,,,,,,,,,,,
,,,,,,,,,,,,,,,,,,,,,,,,,
,,,,,,,,,,,,,,,,,,,,,,,,,
,,,,,,,,,,,,,,,,,,,,,,,,,
,,,,,,,,,,,,,,,,,,,,,,,,,
,,,,,,,,,,,,,,,,,,,,,,,,,
,,,,,,,,,,,,,,,,,,,,,,,,,
,,,,,,,,,,,,,,,,,,,,,,,,,
,,,,,,,,,,,,,,,,,,,,,,,,,
,,,,,,,,,,,,,,,,,,,,,,,,,
,,,,,,,,,,,,,,,,,,,,,,,,,
,,,,,,,,,,,,,,,,,,,,,,,,,
,,,,,,,,,,,,,,,,,,,,,,,,,
,,,,,,,,,,,,,,,,,,,,,,,,,
,,,,,,,,,,,,,,,,,,,,,,,,,
,,,,,,,,,,,,,,,,,,,,,,,,,
,,,,,,,,,,,,,,,,,,,,,,,,,
,,,,,,,,,,,,,,,,,,,,,,,,,
,,,,,,,,,,,,,,,,,,,,,,,,,
,,,,,,,,,,,,,,,,,,,,,,,,,
,,,,,,,,,,,,,,,,,,,,,,,,,
,,,,,,,,,,,,,,,,,,,,,,,,,
,,,,,,,,,,,,,,,,,,,,,,,,,
,,,,,,,,,,,,,,,,,,,,,,,,,
,,,,,,,,,,,,,,,,,,,,,,,,,
,,,,,,,,,,,,,,,,,,,,,,,,,
,,,,,,,,,,,,,,,,,,,,,,,,,
,,,,,,,,,,,,,,,,,,,,,,,,,
,,,,,,,,,,,,,,,,,,,,,,,,,
,,,,,,,,,,,,,,,,,,,,,,,,,
,,,,,,,,,,,,,,,,,,,,,,,,,
,,,,,,,,,,,,,,,,,,,,,,,,,
,,,,,,,,,,,,,,,,,,,,,,,,,
,,,,,,,,,,,,,,,,,,,,,,,,,
,,,,,,,,,,,,,,,,,,,,,,,,,
,,,,,,,,,,,,,,,,,,,,,,,,,
,,,,,,,,,,,,,,,,,,,,,,,,,
,,,,,,,,,,,,,,,,,,,,,,,,,
,,,,,,,,,,,,,,,,,,,,,,,,,
,,,,,,,,,,,,,,,,,,,,,,,,,
,,,,,,,,,,,,,,,,,,,,,,,,,
,,,,,,,,,,,,,,,,,,,,,,,,,
,,,,,,,,,,,,,,,,,,,,,,,,,
,,,,,,,,,,,,,,,,,,,,,,,,,
,,,,,,,,,,,,,,,,,,,,,,,,,
,,,,,,,,,,,,,,,,,,,,,,,,,
,,,,,,,,,,,,,,,,,,,,,,,,,
,,,,,,,,,,,,,,,,,,,,,,,,,
,,,,,,,,,,,,,,,,,,,,,,,,,
,,,,,,,,,,,,,,,,,,,,,,,,,
,,,,,,,,,,,,,,,,,,,,,,,,,
,,,,,,,,,,,,,,,,,,,,,,,,,
,,,,,,,,,,,,,,,,,,,,,,,,,
,,,,,,,,,,,,,,,,,,,,,,,,,
,,,,,,,,,,,,,,,,,,,,,,,,,
,,,,,,,,,,,,,,,,,,,,,,,,,
,,,,,,,,,,,,,,,,,,,,,,,,,
,,,,,,,,,,,,,,,,,,,,,,,,,
,,,,,,,,,,,,,,,,,,,,,,,,,
,,,,,,,,,,,,,,,,,,,,,,,,,
,,,,,,,,,,,,,,,,,,,,,,,,,
,,,,,,,,,,,,,,,,,,,,,,,,,
,,,,,,,,,,,,,,,,,,,,,,,,,
,,,,,,,,,,,,,,,,,,,,,,,,,
,,,,,,,,,,,,,,,,,,,,,,,,,
,,,,,,,,,,,,,,,,,,,,,,,,,
,,,,,,,,,,,,,,,,,,,,,,,,,
,,,,,,,,,,,,,,,,,,,,,,,,,
,,,,,,,,,,,,,,,,,,,,,,,,,
,,,,,,,,,,,,,,,,,,,,,,,,,
,,,,,,,,,,,,,,,,,,,,,,,,,
,,,,,,,,,,,,,,,,,,,,,,,,,
,,,,,,,,,,,,,,,,,,,,,,,,,
,,,,,,,,,,,,,,,,,,,,,,,,,
,,,,,,,,,,,,,,,,,,,,,,,,,
,,,,,,,,,,,,,,,,,,,,,,,,,
,,,,,,,,,,,,,,,,,,,,,,,,,
,,,,,,,,,,,,,,,,,,,,,,,,,
,,,,,,,,,,,,,,,,,,,,,,,,,
,,,,,,,,,,,,,,,,,,,,,,,,,
,,,,,,,,,,,,,,,,,,,,,,,,,
,,,,,,,,,,,,,,,,,,,,,,,,,
,,,,,,,,,,,,,,,,,,,,,,,,,
,,,,,,,,,,,,,,,,,,,,,,,,,
,,,,,,,,,,,,,,,,,,,,,,,,,
,,,,,,,,,,,,,,,,,,,,,,,,,
,,,,,,,,,,,,,,,,,,,,,,,,,
,,,,,,,,,,,,,,,,,,,,,,,,,
,,,,,,,,,,,,,,,,,,,,,,,,,
,,,,,,,,,,,,,,,,,,,,,,,,,
,,,,,,,,,,,,,,,,,,,,,,,,,
,,,,,,,,,,,,,,,,,,,,,,,,,
,,,,,,,,,,,,,,,,,,,,,,,,,
,,,,,,,,,,,,,,,,,,,,,,,,,
,,,,,,,,,,,,,,,,,,,,,,,,,
,,,,,,,,,,,,,,,,,,,,,,,,,
,,,,,,,,,,,,,,,,,,,,,,,,,
,,,,,,,,,,,,,,,,,,,,,,,,,
,,,,,,,,,,,,,,,,,,,,,,,,,
,,,,,,,,,,,,,,,,,,,,,,,,,
,,,,,,,,,,,,,,,,,,,,,,,,,
,,,,,,,,,,,,,,,,,,,,,,,,,
,,,,,,,,,,,,,,,,,,,,,,,,,
,,,,,,,,,,,,,,,,,,,,,,,,,
,,,,,,,,,,,,,,,,,,,,,,,,,
,,,,,,,,,,,,,,,,,,,,,,,,,
,,,,,,,,,,,,,,,,,,,,,,,,,
,,,,,,,,,,,,,,,,,,,,,,,,,
,,,,,,,,,,,,,,,,,,,,,,,,,
,,,,,,,,,,,,,,,,,,,,,,,,,
,,,,,,,,,,,,,,,,,,,,,,,,,
,,,,,,,,,,,,,,,,,,,,,,,,,
,,,,,,,,,,,,,,,,,,,,,,,,,
,,,,,,,,,,,,,,,,,,,,,,,,,
,,,,,,,,,,,,,,,,,,,,,,,,,
,,,,,,,,,,,,,,,,,,,,,,,,,
,,,,,,,,,,,,,,,,,,,,,,,,,
,,,,,,,,,,,,,,,,,,,,,,,,,
,,,,,,,,,,,,,,,,,,,,,,,,,
,,,,,,,,,,,,,,,,,,,,,,,,,
,,,,,,,,,,,,,,,,,,,,,,,,,
,,,,,,,,,,,,,,,,,,,,,,,,,
,,,,,,,,,,,,,,,,,,,,,,,,,
,,,,,,,,,,,,,,,,,,,,,,,,,
,,,,,,,,,,,,,,,,,,,,,,,,,
,,,,,,,,,,,,,,,,,,,,,,,,,
,,,,,,,,,,,,,,,,,,,,,,,,,
,,,,,,,,,,,,,,,,,,,,,,,,,
,,,,,,,,,,,,,,,,,,,,,,,,,
,,,,,,,,,,,,,,,,,,,,,,,,,
,,,,,,,,,,,,,,,,,,,,,,,,,
,,,,,,,,,,,,,,,,,,,,,,,,,
,,,,,,,,,,,,,,,,,,,,,,,,,
,,,,,,,,,,,,,,,,,,,,,,,,,
,,,,,,,,,,,,,,,,,,,,,,,,,
,,,,,,,,,,,,,,,,,,,,,,,,,
,,,,,,,,,,,,,,,,,,,,,,,,,
,,,,,,,,,,,,,,,,,,,,,,,,,
,,,,,,,,,,,,,,,,,,,,,,,,,
,,,,,,,,,,,,,,,,,,,,,,,,,
,,,,,,,,,,,,,,,,,,,,,,,,,
,,,,,,,,,,,,,,,,,,,,,,,,,
,,,,,,,,,,,,,,,,,,,,,,,,,
,,,,,,,,,,,,,,,,,,,,,,,,,
,,,,,,,,,,,,,,,,,,,,,,,,,
,,,,,,,,,,,,,,,,,,,,,,,,,
,,,,,,,,,,,,,,,,,,,,,,,,,
,,,,,,,,,,,,,,,,,,,,,,,,,
,,,,,,,,,,,,,,,,,,,,,,,,,
,,,,,,,,,,,,,,,,,,,,,,,,,
,,,,,,,,,,,,,,,,,,,,,,,,,
,,,,,,,,,,,,,,,,,,,,,,,,,
,,,,,,,,,,,,,,,,,,,,,,,,,
,,,,,,,,,,,,,,,,,,,,,,,,,
,,,,,,,,,,,,,,,,,,,,,,,,,
,,,,,,,,,,,,,,,,,,,,,,,,,
,,,,,,,,,,,,,,,,,,,,,,,,,
,,,,,,,,,,,,,,,,,,,,,,,,,
,,,,,,,,,,,,,,,,,,,,,,,,,
,,,,,,,,,,,,,,,,,,,,,,,,,
,,,,,,,,,,,,,,,,,,,,,,,,,
,,,,,,,,,,,,,,,,,,,,,,,,,
,,,,,,,,,,,,,,,,,,,,,,,,,
,,,,,,,,,,,,,,,,,,,,,,,,,
,,,,,,,,,,,,,,,,,,,,,,,,,
,,,,,,,,,,,,,,,,,,,,,,,,,
,,,,,,,,,,,,,,,,,,,,,,,,,
,,,,,,,,,,,,,,,,,,,,,,,,,
,,,,,,,,,,,,,,,,,,,,,,,,,
,,,,,,,,,,,,,,,,,,,,,,,,,
,,,,,,,,,,,,,,,,,,,,,,,,,
,,,,,,,,,,,,,,,,,,,,,,,,,
,,,,,,,,,,,,,,,,,,,,,,,,,
,,,,,,,,,,,,,,,,,,,,,,,,,
,,,,,,,,,,,,,,,,,,,,,,,,,
,,,,,,,,,,,,,,,,,,,,,,,,,
,,,,,,,,,,,,,,,,,,,,,,,,,
,,,,,,,,,,,,,,,,,,,,,,,,,
,,,,,,,,,,,,,,,,,,,,,,,,,
,,,,,,,,,,,,,,,,,,,,,,,,,
,,,,,,,,,,,,,,,,,,,,,,,,,
,,,,,,,,,,,,,,,,,,,,,,,,,
,,,,,,,,,,,,,,,,,,,,,,,,,
,,,,,,,,,,,,,,,,,,,,,,,,,
,,,,,,,,,,,,,,,,,,,,,,,,,
,,,,,,,,,,,,,,,,,,,,,,,,,
,,,,,,,,,,,,,,,,,,,,,,,,,
,,,,,,,,,,,,,,,,,,,,,,,,,
,,,,,,,,,,,,,,,,,,,,,,,,,
,,,,,,,,,,,,,,,,,,,,,,,,,
,,,,,,,,,,,,,,,,,,,,,,,,,
,,,,,,,,,,,,,,,,,,,,,,,,,
,,,,,,,,,,,,,,,,,,,,,,,,,
,,,,,,,,,,,,,,,,,,,,,,,,,
,,,,,,,,,,,,,,,,,,,,,,,,,
,,,,,,,,,,,,,,,,,,,,,,,,,
,,,,,,,,,,,,,,,,,,,,,,,,,
,,,,,,,,,,,,,,,,,,,,,,,,,
,,,,,,,,,,,,,,,,,,,,,,,,,
,,,,,,,,,,,,,,,,,,,,,,,,,
,,,,,,,,,,,,,,,,,,,,,,,,,
,,,,,,,,,,,,,,,,,,,,,,,,,
,,,,,,,,,,,,,,,,,,,,,,,,,
,,,,,,,,,,,,,,,,,,,,,,,,,
,,,,,,,,,,,,,,,,,,,,,,,,,
,,,,,,,,,,,,,,,,,,,,,,,,,
,,,,,,,,,,,,,,,,,,,,,,,,,
,,,,,,,,,,,,,,,,,,,,,,,,,
,,,,,,,,,,,,,,,,,,,,,,,,,
,,,,,,,,,,,,,,,,,,,,,,,,,
,,,,,,,,,,,,,,,,,,,,,,,,,
,,,,,,,,,,,,,,,,,,,,,,,,,
,,,,,,,,,,,,,,,,,,,,,,,,,
,,,,,,,,,,,,,,,,,,,,,,,,,
,,,,,,,,,,,,,,,,,,,,,,,,,
,,,,,,,,,,,,,,,,,,,,,,,,,
,,,,,,,,,,,,,,,,,,,,,,,,,
,,,,,,,,,,,,,,,,,,,,,,,,,
,,,,,,,,,,,,,,,,,,,,,,,,,
,,,,,,,,,,,,,,,,,,,,,,,,,
,,,,,,,,,,,,,,,,,,,,,,,,,
,,,,,,,,,,,,,,,,,,,,,,,,,
,,,,,,,,,,,,,,,,,,,,,,,,,
,,,,,,,,,,,,,,,,,,,,,,,,,
,,,,,,,,,,,,,,,,,,,,,,,,,
,,,,,,,,,,,,,,,,,,,,,,,,,
,,,,,,,,,,,,,,,,,,,,,,,,,
,,,,,,,,,,,,,,,,,,,,,,,,,
,,,,,,,,,,,,,,,,,,,,,,,,,
,,,,,,,,,,,,,,,,,,,,,,,,,
,,,,,,,,,,,,,,,,,,,,,,,,,
,,,,,,,,,,,,,,,,,,,,,,,,,
,,,,,,,,,,,,,,,,,,,,,,,,,
,,,,,,,,,,,,,,,,,,,,,,,,,
,,,,,,,,,,,,,,,,,,,,,,,,,
,,,,,,,,,,,,,,,,,,,,,,,,,
,,,,,,,,,,,,,,,,,,,,,,,,,
,,,,,,,,,,,,,,,,,,,,,,,,,
,,,,,,,,,,,,,,,,,,,,,,,,,
,,,,,,,,,,,,,,,,,,,,,,,,,
,,,,,,,,,,,,,,,,,,,,,,,,,
,,,,,,,,,,,,,,,,,,,,,,,,,
,,,,,,,,,,,,,,,,,,,,,,,,,
,,,,,,,,,,,,,,,,,,,,,,,,,
,,,,,,,,,,,,,,,,,,,,,,,,,
,,,,,,,,,,,,,,,,,,,,,,,,,
,,,,,,,,,,,,,,,,,,,,,,,,,
,,,,,,,,,,,,,,,,,,,,,,,,,
,,,,,,,,,,,,,,,,,,,,,,,,,
,,,,,,,,,,,,,,,,,,,,,,,,,
,,,,,,,,,,,,,,,,,,,,,,,,,
,,,,,,,,,,,,,,,,,,,,,,,,,
,,,,,,,,,,,,,,,,,,,,,,,,,
,,,,,,,,,,,,,,,,,,,,,,,,,
,,,,,,,,,,,,,,,,,,,,,,,,,
,,,,,,,,,,,,,,,,,,,,,,,,,
,,,,,,,,,,,,,,,,,,,,,,,,,
,,,,,,,,,,,,,,,,,,,,,,,,,
,,,,,,,,,,,,,,,,,,,,,,,,,
,,,,,,,,,,,,,,,,,,,,,,,,,
,,,,,,,,,,,,,,,,,,,,,,,,,
,,,,,,,,,,,,,,,,,,,,,,,,,
,,,,,,,,,,,,,,,,,,,,,,,,,
,,,,,,,,,,,,,,,,,,,,,,,,,
,,,,,,,,,,,,,,,,,,,,,,,,,
,,,,,,,,,,,,,,,,,,,,,,,,,
,,,,,,,,,,,,,,,,,,,,,,,,,
,,,,,,,,,,,,,,,,,,,,,,,,,
,,,,,,,,,,,,,,,,,,,,,,,,,
,,,,,,,,,,,,,,,,,,,,,,,,,
,,,,,,,,,,,,,,,,,,,,,,,,,
,,,,,,,,,,,,,,,,,,,,,,,,,
,,,,,,,,,,,,,,,,,,,,,,,,,
,,,,,,,,,,,,,,,,,,,,,,,,,
,,,,,,,,,,,,,,,,,,,,,,,,,
,,,,,,,,,,,,,,,,,,,,,,,,,
,,,,,,,,,,,,,,,,,,,,,,,,,
,,,,,,,,,,,,,,,,,,,,,,,,,
,,,,,,,,,,,,,,,,,,,,,,,,,
,,,,,,,,,,,,,,,,,,,,,,,,,
,,,,,,,,,,,,,,,,,,,,,,,,,
,,,,,,,,,,,,,,,,,,,,,,,,,
,,,,,,,,,,,,,,,,,,,,,,,,,
,,,,,,,,,,,,,,,,,,,,,,,,,
,,,,,,,,,,,,,,,,,,,,,,,,,
,,,,,,,,,,,,,,,,,,,,,,,,,
,,,,,,,,,,,,,,,,,,,,,,,,,
,,,,,,,,,,,,,,,,,,,,,,,,,
,,,,,,,,,,,,,,,,,,,,,,,,,
,,,,,,,,,,,,,,,,,,,,,,,,,
,,,,,,,,,,,,,,,,,,,,,,,,,
,,,,,,,,,,,,,,,,,,,,,,,,,
,,,,,,,,,,,,,,,,,,,,,,,,,
,,,,,,,,,,,,,,,,,,,,,,,,,
,,,,,,,,,,,,,,,,,,,,,,,,,
,,,,,,,,,,,,,,,,,,,,,,,,,
,,,,,,,,,,,,,,,,,,,,,,,,,
,,,,,,,,,,,,,,,,,,,,,,,,,
,,,,,,,,,,,,,,,,,,,,,,,,,
,,,,,,,,,,,,,,,,,,,,,,,,,
,,,,,,,,,,,,,,,,,,,,,,,,,
,,,,,,,,,,,,,,,,,,,,,,,,,
,,,,,,,,,,,,,,,,,,,,,,,,,
,,,,,,,,,,,,,,,,,,,,,,,,,
,,,,,,,,,,,,,,,,,,,,,,,,,
,,,,,,,,,,,,,,,,,,,,,,,,,
,,,,,,,,,,,,,,,,,,,,,,,,,
,,,,,,,,,,,,,,,,,,,,,,,,,
,,,,,,,,,,,,,,,,,,,,,,,,,
,,,,,,,,,,,,,,,,,,,,,,,,,
,,,,,,,,,,,,,,,,,,,,,,,,,
,,,,,,,,,,,,,,,,,,,,,,,,,
,,,,,,,,,,,,,,,,,,,,,,,,,
,,,,,,,,,,,,,,,,,,,,,,,,,
,,,,,,,,,,,,,,,,,,,,,,,,,
,,,,,,,,,,,,,,,,,,,,,,,,,
,,,,,,,,,,,,,,,,,,,,,,,,,
,,,,,,,,,,,,,,,,,,,,,,,,,
,,,,,,,,,,,,,,,,,,,,,,,,,
,,,,,,,,,,,,,,,,,,,,,,,,,
,,,,,,,,,,,,,,,,,,,,,,,,,
,,,,,,,,,,,,,,,,,,,,,,,,,
,,,,,,,,,,,,,,,,,,,,,,,,,
,,,,,,,,,,,,,,,,,,,,,,,,,
,,,,,,,,,,,,,,,,,,,,,,,,,
,,,,,,,,,,,,,,,,,,,,,,,,,
,,,,,,,,,,,,,,,,,,,,,,,,,
,,,,,,,,,,,,,,,,,,,,,,,,,
,,,,,,,,,,,,,,,,,,,,,,,,,
,,,,,,,,,,,,,,,,,,,,,,,,,
,,,,,,,,,,,,,,,,,,,,,,,,,
,,,,,,,,,,,,,,,,,,,,,,,,,
,,,,,,,,,,,,,,,,,,,,,,,,,
,,,,,,,,,,,,,,,,,,,,,,,,,
,,,,,,,,,,,,,,,,,,,,,,,,,
,,,,,,,,,,,,,,,,,,,,,,,,,
,,,,,,,,,,,,,,,,,,,,,,,,,
,,,,,,,,,,,,,,,,,,,,,,,,,
,,,,,,,,,,,,,,,,,,,,,,,,,
,,,,,,,,,,,,,,,,,,,,,,,,,
,,,,,,,,,,,,,,,,,,,,,,,,,
,,,,,,,,,,,,,,,,,,,,,,,,,
,,,,,,,,,,,,,,,,,,,,,,,,,
,,,,,,,,,,,,,,,,,,,,,,,,,
,,,,,,,,,,,,,,,,,,,,,,,,,
,,,,,,,,,,,,,,,,,,,,,,,,,
,,,,,,,,,,,,,,,,,,,,,,,,,
,,,,,,,,,,,,,,,,,,,,,,,,,
,,,,,,,,,,,,,,,,,,,,,,,,,
,,,,,,,,,,,,,,,,,,,,,,,,,
,,,,,,,,,,,,,,,,,,,,,,,,,
,,,,,,,,,,,,,,,,,,,,,,,,,
,,,,,,,,,,,,,,,,,,,,,,,,,
,,,,,,,,,,,,,,,,,,,,,,,,,
,,,,,,,,,,,,,,,,,,,,,,,,,
,,,,,,,,,,,,,,,,,,,,,,,,,
,,,,,,,,,,,,,,,,,,,,,,,,,
,,,,,,,,,,,,,,,,,,,,,,,,,
,,,,,,,,,,,,,,,,,,,,,,,,,
,,,,,,,,,,,,,,,,,,,,,,,,,
,,,,,,,,,,,,,,,,,,,,,,,,,
,,,,,,,,,,,,,,,,,,,,,,,,,
,,,,,,,,,,,,,,,,,,,,,,,,,
,,,,,,,,,,,,,,,,,,,,,,,,,
,,,,,,,,,,,,,,,,,,,,,,,,,
,,,,,,,,,,,,,,,,,,,,,,,,,
,,,,,,,,,,,,,,,,,,,,,,,,,
,,,,,,,,,,,,,,,,,,,,,,,,,
,,,,,,,,,,,,,,,,,,,,,,,,,
,,,,,,,,,,,,,,,,,,,,,,,,,
,,,,,,,,,,,,,,,,,,,,,,,,,
,,,,,,,,,,,,,,,,,,,,,,,,,
,,,,,,,,,,,,,,,,,,,,,,,,,
,,,,,,,,,,,,,,,,,,,,,,,,,
,,,,,,,,,,,,,,,,,,,,,,,,,
,,,,,,,,,,,,,,,,,,,,,,,,,
,,,,,,,,,,,,,,,,,,,,,,,,,
,,,,,,,,,,,,,,,,,,,,,,,,,
,,,,,,,,,,,,,,,,,,,,,,,,,
,,,,,,,,,,,,,,,,,,,,,,,,,
,,,,,,,,,,,,,,,,,,,,,,,,,
,,,,,,,,,,,,,,,,,,,,,,,,,
,,,,,,,,,,,,,,,,,,,,,,,,,
,,,,,,,,,,,,,,,,,,,,,,,,,
,,,,,,,,,,,,,,,,,,,,,,,,,
,,,,,,,,,,,,,,,,,,,,,,,,,
,,,,,,,,,,,,,,,,,,,,,,,,,
,,,,,,,,,,,,,,,,,,,,,,,,,
,,,,,,,,,,,,,,,,,,,,,,,,,
,,,,,,,,,,,,,,,,,,,,,,,,,
,,,,,,,,,,,,,,,,,,,,,,,,,
,,,,,,,,,,,,,,,,,,,,,,,,,
,,,,,,,,,,,,,,,,,,,,,,,,,
,,,,,,,,,,,,,,,,,,,,,,,,,
,,,,,,,,,,,,,,,,,,,,,,,,,
,,,,,,,,,,,,,,,,,,,,,,,,,
,,,,,,,,,,,,,,,,,,,,,,,,,
,,,,,,,,,,,,,,,,,,,,,,,,,
,,,,,,,,,,,,,,,,,,,,,,,,,
,,,,,,,,,,,,,,,,,,,,,,,,,
,,,,,,,,,,,,,,,,,,,,,,,,,
,,,,,,,,,,,,,,,,,,,,,,,,,
,,,,,,,,,,,,,,,,,,,,,,,,,
,,,,,,,,,,,,,,,,,,,,,,,,,
,,,,,,,,,,,,,,,,,,,,,,,,,
,,,,,,,,,,,,,,,,,,,,,,,,,
,,,,,,,,,,,,,,,,,,,,,,,,,
,,,,,,,,,,,,,,,,,,,,,,,,,
,,,,,,,,,,,,,,,,,,,,,,,,,
,,,,,,,,,,,,,,,,,,,,,,,,,
,,,,,,,,,,,,,,,,,,,,,,,,,
,,,,,,,,,,,,,,,,,,,,,,,,,
,,,,,,,,,,,,,,,,,,,,,,,,,
,,,,,,,,,,,,,,,,,,,,,,,,,
,,,,,,,,,,,,,,,,,,,,,,,,,
,,,,,,,,,,,,,,,,,,,,,,,,,
,,,,,,,,,,,,,,,,,,,,,,,,,
,,,,,,,,,,,,,,,,,,,,,,,,,
,,,,,,,,,,,,,,,,,,,,,,,,,
,,,,,,,,,,,,,,,,,,,,,,,,,
,,,,,,,,,,,,,,,,,,,,,,,,,
,,,,,,,,,,,,,,,,,,,,,,,,,
,,,,,,,,,,,,,,,,,,,,,,,,,
,,,,,,,,,,,,,,,,,,,,,,,,,
,,,,,,,,,,,,,,,,,,,,,,,,,
,,,,,,,,,,,,,,,,,,,,,,,,,
,,,,,,,,,,,,,,,,,,,,,,,,,
,,,,,,,,,,,,,,,,,,,,,,,,,
,,,,,,,,,,,,,,,,,,,,,,,,,
,,,,,,,,,,,,,,,,,,,,,,,,,
,,,,,,,,,,,,,,,,,,,,,,,,,
,,,,,,,,,,,,,,,,,,,,,,,,,
,,,,,,,,,,,,,,,,,,,,,,,,,
,,,,,,,,,,,,,,,,,,,,,,,,,
,,,,,,,,,,,,,,,,,,,,,,,,,
,,,,,,,,,,,,,,,,,,,,,,,,,
,,,,,,,,,,,,,,,,,,,,,,,,,
,,,,,,,,,,,,,,,,,,,,,,,,,
,,,,,,,,,,,,,,,,,,,,,,,,,
,,,,,,,,,,,,,,,,,,,,,,,,,
,,,,,,,,,,,,,,,,,,,,,,,,,
,,,,,,,,,,,,,,,,,,,,,,,,,
,,,,,,,,,,,,,,,,,,,,,,,,,
,,,,,,,,,,,,,,,,,,,,,,,,,
,,,,,,,,,,,,,,,,,,,,,,,,,
,,,,,,,,,,,,,,,,,,,,,,,,,
,,,,,,,,,,,,,,,,,,,,,,,,,
,,,,,,,,,,,,,,,,,,,,,,,,,
,,,,,,,,,,,,,,,,,,,,,,,,,
,,,,,,,,,,,,,,,,,,,,,,,,,
,,,,,,,,,,,,,,,,,,,,,,,,,
,,,,,,,,,,,,,,,,,,,,,,,,,
,,,,,,,,,,,,,,,,,,,,,,,,,
,,,,,,,,,,,,,,,,,,,,,,,,,
,,,,,,,,,,,,,,,,,,,,,,,,,
,,,,,,,,,,,,,,,,,,,,,,,,,
,,,,,,,,,,,,,,,,,,,,,,,,,
,,,,,,,,,,,,,,,,,,,,,,,,,
,,,,,,,,,,,,,,,,,,,,,,,,,
,,,,,,,,,,,,,,,,,,,,,,,,,
,,,,,,,,,,,,,,,,,,,,,,,,,
,,,,,,,,,,,,,,,,,,,,,,,,,
,,,,,,,,,,,,,,,,,,,,,,,,,
,,,,,,,,,,,,,,,,,,,,,,,,,
,,,,,,,,,,,,,,,,,,,,,,,,,
,,,,,,,,,,,,,,,,,,,,,,,,,
,,,,,,,,,,,,,,,,,,,,,,,,,
,,,,,,,,,,,,,,,,,,,,,,,,,
,,,,,,,,,,,,,,,,,,,,,,,,,
,,,,,,,,,,,,,,,,,,,,,,,,,
,,,,,,,,,,,,,,,,,,,,,,,,,
,,,,,,,,,,,,,,,,,,,,,,,,,
,,,,,,,,,,,,,,,,,,,,,,,,,
,,,,,,,,,,,,,,,,,,,,,,,,,
,,,,,,,,,,,,,,,,,,,,,,,,,
,,,,,,,,,,,,,,,,,,,,,,,,,
,,,,,,,,,,,,,,,,,,,,,,,,,
,,,,,,,,,,,,,,,,,,,,,,,,,
,,,,,,,,,,,,,,,,,,,,,,,,,
,,,,,,,,,,,,,,,,,,,,,,,,,
,,,,,,,,,,,,,,,,,,,,,,,,,
,,,,,,,,,,,,,,,,,,,,,,,,,